{
 "type": "FeatureCollection",
 "metadata": {
  "city": "Osijek",
  "version": "2026-09-30-all-zones",
  "source_priority": "Official GPP parking definitions; geometry derived from supplied OpenStreetMap export.",
  "production_rule": "Render MAPPED features normally. REVIEW_REQUIRED features must not be presented as exact parking boundaries until field/manual verification.",
  "official_source": "https://web.gpp-osijek.com/od-21-rujna-pocinje-naplata-parkiranja-u-sredistu-osijeka/",
  "changes_from_candidate": [
   "OS-Z1-005 Školska ulica: removed MultiLineString part located in Višnjevac; remaining coordinates unchanged.",
   "OS-Z0-006 Šepera 8E–8F: whole promenade footway replaced by OSM parking way 38066699 (tagged parking:zone=0, operator GPP Osijek).",
   "OS-Z0-011 Trg Ljudevita Gaja – sjever: road fallback replaced by OSM parking way 1357072196 (Radićeva–Neumanova).",
   "OS-Z0-012 Trg Ljudevita Gaja – istok i Sudski prolaz: road fallback replaced by east-side market car parks and the court passage car park.",
   "OS-Z0-012 and OS-Z1-002 (Zeko): positions confirmed by the author 2026-09-27; status set to MAPPED, coordinates unchanged.",
   "OS-Z0-006, OS-Z0-011, OS-Z0-012: special_rule and notes translated to Croatian (same meaning).",
   "OS-Z0-007 Strossmayerova: restored from official dataset; geometry = OSM parking way 679845295 (tagged parking:zone=0, operator GPP Osijek).",
   "Added every street and car park coloured on GPP's official map \"Sve zone parkiranja\" (Zone 0, I and II), geometry from OpenStreetMap, active_from 2026-10-01 as requested by the author.",
   "Zone 0/I map additions active_from 2026-09-30; Zone II active_from 2026-11-09 (City of Osijek: \"oko 9. studenoga\")."
  ],
  "zone_map_source": "https://web.gpp-osijek.com/wp-content/uploads/2026/09/Parking-Zone_page-0001-scaled.jpg"
 },
 "features": [
  {
   "type": "Feature",
   "properties": {
    "segment_id": "OS-Z0-001",
    "name": "Županijska ulica",
    "segment_from": "Ulica Hrvatske Republike",
    "segment_to": "Trg pape Ivana Pavla II.",
    "location_type": "street_segment",
    "zone": "0",
    "municipal_status": "PAID",
    "hourly_price_eur": 1.5,
    "max_hours_per_day": 3,
    "active_from": "2026-09-21",
    "currently_active": "YES",
    "weekday_hours": "07:00-21:00",
    "saturday_hours": "07:00-15:00",
    "sunday_holidays": "FREE",
    "grace_minutes": 15,
    "sms_number": "708310",
    "special_rule": "",
    "geometry_status": "MAPPED",
    "source_url": "https://web.gpp-osijek.com/od-21-rujna-pocinje-naplata-parkiranja-u-sredistu-osijeka/",
    "source_type": "OFFICIAL",
    "verified": "YES",
    "notes": "",
    "geometry_source": "OpenStreetMap export supplied 2026-09-26",
    "geometry_method": "OSM named road clipped to official boundary names",
    "geometry_quality": "MEDIUM",
    "boundary_match_max_distance_m": 95.5
   },
   "geometry": {
    "type": "LineString",
    "coordinates": [
     [
      18.6759885,
      45.5584431
     ],
     [
      18.675982,
      45.5584539
     ],
     [
      18.6759766,
      45.5584698
     ],
     [
      18.6759742,
      45.5584883
     ],
     [
      18.6759737,
      45.5585113
     ],
     [
      18.6759853,
      45.5585946
     ],
     [
      18.6759915,
      45.5586281
     ],
     [
      18.6760077,
      45.5587149
     ],
     [
      18.6760731,
      45.5590859
     ],
     [
      18.676128,
      45.5593709
     ],
     [
      18.6761522,
      45.5595056
     ],
     [
      18.6761764,
      45.5596411
     ],
     [
      18.6762742,
      45.5601853
     ],
     [
      18.6762433,
      45.5602249
     ],
     [
      18.6762305,
      45.560254
     ],
     [
      18.6762275,
      45.5602815
     ],
     [
      18.6762276,
      45.5602999
     ]
    ]
   }
  },
  {
   "type": "Feature",
   "properties": {
    "segment_id": "OS-Z0-002",
    "name": "Ulica Hrvatske Republike",
    "segment_from": "Županijska ulica",
    "segment_to": "ulaz u Vijenac Jakova Gotovca",
    "location_type": "street_segment",
    "zone": "0",
    "municipal_status": "PAID",
    "hourly_price_eur": 1.5,
    "max_hours_per_day": 3,
    "active_from": "2026-09-21",
    "currently_active": "YES",
    "weekday_hours": "07:00-21:00",
    "saturday_hours": "07:00-15:00",
    "sunday_holidays": "FREE",
    "grace_minutes": 15,
    "sms_number": "708310",
    "special_rule": "",
    "geometry_status": "MAPPED",
    "source_url": "https://web.gpp-osijek.com/od-21-rujna-pocinje-naplata-parkiranja-u-sredistu-osijeka/",
    "source_type": "OFFICIAL",
    "verified": "YES",
    "notes": "",
    "geometry_source": "OpenStreetMap export supplied 2026-09-26",
    "geometry_method": "OSM named road clipped to official boundary names",
    "geometry_quality": "HIGH",
    "boundary_match_max_distance_m": 0.0
   },
   "geometry": {
    "type": "LineString",
    "coordinates": [
     [
      18.6759885,
      45.5584431
     ],
     [
      18.6760188,
      45.5584505
     ],
     [
      18.6760541,
      45.5584538
     ],
     [
      18.6760998,
      45.5584522
     ],
     [
      18.6762163,
      45.5584455
     ],
     [
      18.6770661,
      45.5584054
     ],
     [
      18.6779317,
      45.5583601
     ],
     [
      18.6782784,
      45.558342
     ],
     [
      18.6783776,
      45.5583371
     ],
     [
      18.6785162,
      45.5583303
     ],
     [
      18.6786383,
      45.5583253
     ],
     [
      18.6795816,
      45.5582865
     ],
     [
      18.6796619,
      45.5582832
     ]
    ]
   }
  },
  {
   "type": "Feature",
   "properties": {
    "segment_id": "OS-Z0-003",
    "name": "Trg Lava Mirskog",
    "segment_from": "",
    "segment_to": "",
    "location_type": "whole_location",
    "zone": "0",
    "municipal_status": "PAID",
    "hourly_price_eur": 1.5,
    "max_hours_per_day": 3,
    "active_from": "2026-09-21",
    "currently_active": "YES",
    "weekday_hours": "07:00-21:00",
    "saturday_hours": "07:00-15:00",
    "sunday_holidays": "FREE",
    "grace_minutes": 15,
    "sms_number": "708310",
    "special_rule": "",
    "geometry_status": "MAPPED",
    "source_url": "https://web.gpp-osijek.com/od-21-rujna-pocinje-naplata-parkiranja-u-sredistu-osijeka/",
    "source_type": "OFFICIAL",
    "verified": "YES",
    "notes": "",
    "geometry_source": "OpenStreetMap export supplied 2026-09-26",
    "geometry_method": "Complete OSM named road geometry",
    "geometry_quality": "HIGH"
   },
   "geometry": {
    "type": "LineString",
    "coordinates": [
     [
      18.6772543,
      45.5603089
     ],
     [
      18.6772304,
      45.560073
     ],
     [
      18.6772253,
      45.5600261
     ],
     [
      18.6772145,
      45.5599285
     ],
     [
      18.6771905,
      45.5597493
     ],
     [
      18.6771683,
      45.5594604
     ],
     [
      18.677156,
      45.5593233
     ]
    ]
   }
  },
  {
   "type": "Feature",
   "properties": {
    "segment_id": "OS-Z0-004",
    "name": "Šetalište Petra Preradovića",
    "segment_from": "",
    "segment_to": "",
    "location_type": "whole_location",
    "zone": "0",
    "municipal_status": "PAID",
    "hourly_price_eur": 1.5,
    "max_hours_per_day": 3,
    "active_from": "2026-09-21",
    "currently_active": "YES",
    "weekday_hours": "07:00-21:00",
    "saturday_hours": "07:00-15:00",
    "sunday_holidays": "FREE",
    "grace_minutes": 15,
    "sms_number": "708310",
    "special_rule": "",
    "geometry_status": "MAPPED",
    "source_url": "https://web.gpp-osijek.com/od-21-rujna-pocinje-naplata-parkiranja-u-sredistu-osijeka/",
    "source_type": "OFFICIAL",
    "verified": "YES",
    "notes": "",
    "geometry_source": "OpenStreetMap export supplied 2026-09-26",
    "geometry_method": "Complete OSM named road geometry",
    "geometry_quality": "HIGH"
   },
   "geometry": {
    "type": "LineString",
    "coordinates": [
     [
      18.680204,
      45.5615247
     ],
     [
      18.6803064,
      45.5615152
     ],
     [
      18.6816759,
      45.5614573
     ],
     [
      18.6816976,
      45.5614615
     ],
     [
      18.6817196,
      45.561471
     ],
     [
      18.6817363,
      45.5614845
     ],
     [
      18.6817425,
      45.5614987
     ],
     [
      18.681751,
      45.5616038
     ],
     [
      18.6817578,
      45.5616161
     ],
     [
      18.681769,
      45.5616271
     ],
     [
      18.6817848,
      45.5616364
     ],
     [
      18.6818101,
      45.5616425
     ],
     [
      18.6818355,
      45.561644
     ],
     [
      18.6821601,
      45.5616302
     ],
     [
      18.6821957,
      45.561629
     ],
     [
      18.6823077,
      45.5616253
     ]
    ]
   }
  },
  {
   "type": "Feature",
   "properties": {
    "segment_id": "OS-Z0-005",
    "name": "Šetalište Vjekoslava Hengla",
    "segment_from": "",
    "segment_to": "",
    "location_type": "whole_location",
    "zone": "0",
    "municipal_status": "PAID",
    "hourly_price_eur": 1.5,
    "max_hours_per_day": 3,
    "active_from": "2026-09-21",
    "currently_active": "YES",
    "weekday_hours": "07:00-21:00",
    "saturday_hours": "07:00-15:00",
    "sunday_holidays": "FREE",
    "grace_minutes": 15,
    "sms_number": "708310",
    "special_rule": "",
    "geometry_status": "MAPPED",
    "source_url": "https://web.gpp-osijek.com/od-21-rujna-pocinje-naplata-parkiranja-u-sredistu-osijeka/",
    "source_type": "OFFICIAL",
    "verified": "YES",
    "notes": "",
    "geometry_source": "OpenStreetMap export supplied 2026-09-26",
    "geometry_method": "Complete OSM named road geometry",
    "geometry_quality": "HIGH"
   },
   "geometry": {
    "type": "LineString",
    "coordinates": [
     [
      18.6823507,
      45.5609442
     ],
     [
      18.6823506,
      45.5609855
     ],
     [
      18.6823509,
      45.5610643
     ],
     [
      18.6823514,
      45.5611055
     ],
     [
      18.6823338,
      45.5613273
     ],
     [
      18.6823077,
      45.5616253
     ],
     [
      18.6822869,
      45.5618805
     ],
     [
      18.6822818,
      45.5619824
     ],
     [
      18.6822799,
      45.5620815
     ]
    ]
   }
  },
  {
   "type": "Feature",
   "properties": {
    "segment_id": "OS-Z0-006",
    "name": "Šetalište kardinala Franje Šepera",
    "segment_from": "8E",
    "segment_to": "8F",
    "location_type": "address_range",
    "zone": "0",
    "municipal_status": "PAID",
    "hourly_price_eur": 1.5,
    "max_hours_per_day": 3,
    "active_from": "2026-09-21",
    "currently_active": "YES",
    "weekday_hours": "07:00-21:00",
    "saturday_hours": "07:00-15:00",
    "sunday_holidays": "FREE",
    "grace_minutes": 15,
    "sms_number": "708310",
    "special_rule": "",
    "geometry_status": "MAPPED",
    "source_url": "https://web.gpp-osijek.com/od-21-rujna-pocinje-naplata-parkiranja-u-sredistu-osijeka/",
    "source_type": "OFFICIAL",
    "verified": "YES",
    "notes": "Službeni opis navodi kućne brojeve 8E i 8F.",
    "geometry_source": "OpenStreetMap (Overpass API) queried 2026-09-26, way 38066699",
    "geometry_method": "Exact OSM parking area next to address points 8E/8F, tagged parking:zone=0, operator GPP Osijek (capacity 20)",
    "geometry_quality": "HIGH"
   },
   "geometry": {
    "type": "Polygon",
    "coordinates": [
     [
      [
       18.6806774,
       45.5619742
      ],
      [
       18.6806621,
       45.5617822
      ],
      [
       18.6809294,
       45.5617718
      ],
      [
       18.6809447,
       45.5619637
      ],
      [
       18.6806774,
       45.5619742
      ]
     ]
    ]
   }
  },
  {
   "type": "Feature",
   "properties": {
    "segment_id": "OS-Z0-007",
    "name": "Ulica Josipa Jurja Strossmayera",
    "segment_from": "Trg Ante Starčevića",
    "segment_to": "Ulica Gornjodravska obala",
    "location_type": "street_segment",
    "zone": "0",
    "municipal_status": "PAID",
    "hourly_price_eur": 1.5,
    "max_hours_per_day": 3,
    "active_from": "2026-09-21",
    "currently_active": "YES",
    "weekday_hours": "07:00-21:00",
    "saturday_hours": "07:00-15:00",
    "sunday_holidays": "FREE",
    "grace_minutes": 15,
    "sms_number": "708310",
    "special_rule": "",
    "geometry_status": "MAPPED",
    "source_url": "https://web.gpp-osijek.com/od-21-rujna-pocinje-naplata-parkiranja-u-sredistu-osijeka/",
    "source_type": "OFFICIAL",
    "verified": "YES",
    "notes": "",
    "geometry_source": "OpenStreetMap (Overpass API) queried 2026-09-26, way 679845295",
    "geometry_method": "Exact OSM parking area tagged parking:zone=0, operator GPP Osijek (capacity 30)",
    "geometry_quality": "HIGH"
   },
   "geometry": {
    "type": "Polygon",
    "coordinates": [
     [
      [
       18.67588,
       45.5620783
      ],
      [
       18.6754534,
       45.5621663
      ],
      [
       18.6750996,
       45.5622442
      ],
      [
       18.6747689,
       45.5623277
      ],
      [
       18.6744394,
       45.5624303
      ],
      [
       18.6745094,
       45.5624584
      ],
      [
       18.6746859,
       45.5624027
      ],
      [
       18.674878,
       45.562351
      ],
      [
       18.6750639,
       45.5623039
      ],
      [
       18.6752993,
       45.5622502
      ],
      [
       18.6759497,
       45.5621124
      ],
      [
       18.67588,
       45.5620783
      ]
     ]
    ]
   }
  },
  {
   "type": "Feature",
   "properties": {
    "segment_id": "OS-Z0-008",
    "name": "Ulica Lorenza Jägera",
    "segment_from": "Ulica Ivana Adamovića",
    "segment_to": "Kapucinska ulica",
    "location_type": "street_segment",
    "zone": "0",
    "municipal_status": "PAID",
    "hourly_price_eur": 1.5,
    "max_hours_per_day": 3,
    "active_from": "2026-09-21",
    "currently_active": "YES",
    "weekday_hours": "07:00-21:00",
    "saturday_hours": "07:00-15:00",
    "sunday_holidays": "FREE",
    "grace_minutes": 15,
    "sms_number": "708310",
    "special_rule": "",
    "geometry_status": "MAPPED",
    "source_url": "https://web.gpp-osijek.com/od-21-rujna-pocinje-naplata-parkiranja-u-sredistu-osijeka/",
    "source_type": "OFFICIAL",
    "verified": "YES",
    "notes": "",
    "geometry_source": "OpenStreetMap export supplied 2026-09-26",
    "geometry_method": "OSM named road clipped to official boundary names",
    "geometry_quality": "HIGH",
    "boundary_match_max_distance_m": 0.0
   },
   "geometry": {
    "type": "LineString",
    "coordinates": [
     [
      18.6807527,
      45.5602539
     ],
     [
      18.6808075,
      45.5610765
     ],
     [
      18.6808093,
      45.5611035
     ],
     [
      18.6808125,
      45.5611548
     ],
     [
      18.6808129,
      45.5611775
     ]
    ]
   }
  },
  {
   "type": "Feature",
   "properties": {
    "segment_id": "OS-Z0-009",
    "name": "Kapucinska ulica",
    "segment_from": "",
    "segment_to": "",
    "location_type": "whole_location",
    "zone": "0",
    "municipal_status": "PAID",
    "hourly_price_eur": 1.5,
    "max_hours_per_day": 3,
    "active_from": "2026-09-21",
    "currently_active": "YES",
    "weekday_hours": "07:00-21:00",
    "saturday_hours": "07:00-15:00",
    "sunday_holidays": "FREE",
    "grace_minutes": 15,
    "sms_number": "708310",
    "special_rule": "",
    "geometry_status": "MAPPED",
    "source_url": "https://web.gpp-osijek.com/od-21-rujna-pocinje-naplata-parkiranja-u-sredistu-osijeka/",
    "source_type": "OFFICIAL",
    "verified": "YES",
    "notes": "",
    "geometry_source": "OpenStreetMap export supplied 2026-09-26",
    "geometry_method": "Complete OSM named road geometry",
    "geometry_quality": "HIGH"
   },
   "geometry": {
    "type": "LineString",
    "coordinates": [
     [
      18.6823507,
      45.5609442
     ],
     [
      18.6822885,
      45.5609553
     ],
     [
      18.6822101,
      45.5609694
     ],
     [
      18.682169,
      45.5609768
     ],
     [
      18.6814106,
      45.5611128
     ],
     [
      18.6812829,
      45.5611346
     ],
     [
      18.6811552,
      45.5611564
     ],
     [
      18.6810401,
      45.5611696
     ],
     [
      18.6809444,
      45.5611752
     ],
     [
      18.6808129,
      45.5611775
     ],
     [
      18.6803088,
      45.5611715
     ],
     [
      18.6802746,
      45.5611727
     ],
     [
      18.6801126,
      45.5611702
     ],
     [
      18.6800956,
      45.5611696
     ],
     [
      18.6785334,
      45.5611404
     ],
     [
      18.6783563,
      45.561137
     ],
     [
      18.677852,
      45.5611276
     ],
     [
      18.6776505,
      45.5611349
     ]
    ]
   }
  },
  {
   "type": "Feature",
   "properties": {
    "segment_id": "OS-Z0-010",
    "name": "Trg Lavoslava Ružičke",
    "segment_from": "",
    "segment_to": "",
    "location_type": "parking_area",
    "zone": "0",
    "municipal_status": "PAID",
    "hourly_price_eur": 1.5,
    "max_hours_per_day": 3,
    "active_from": "2026-09-21",
    "currently_active": "YES",
    "weekday_hours": "07:00-21:00",
    "saturday_hours": "07:00-15:00",
    "sunday_holidays": "FREE",
    "grace_minutes": 15,
    "sms_number": "708310",
    "special_rule": "",
    "geometry_status": "MAPPED",
    "source_url": "https://web.gpp-osijek.com/od-21-rujna-pocinje-naplata-parkiranja-u-sredistu-osijeka/",
    "source_type": "OFFICIAL",
    "verified": "YES",
    "notes": "Glavni željeznički kolodvor",
    "geometry_source": "OpenStreetMap export supplied 2026-09-26",
    "geometry_method": "Exact OSM named parking-area polygon",
    "geometry_quality": "HIGH"
   },
   "geometry": {
    "type": "MultiPolygon",
    "coordinates": [
     [
      [
       [
        18.6828908,
        45.5533077
       ],
       [
        18.6832762,
        45.5533362
       ],
       [
        18.6834523,
        45.5533466
       ],
       [
        18.6836544,
        45.5533586
       ],
       [
        18.6838706,
        45.5533756
       ],
       [
        18.6838906,
        45.5532498
       ],
       [
        18.6839147,
        45.5530889
       ],
       [
        18.6839182,
        45.5530711
       ],
       [
        18.6839205,
        45.5530594
       ],
       [
        18.6835718,
        45.5530372
       ],
       [
        18.6835679,
        45.5530671
       ],
       [
        18.6834918,
        45.5530623
       ],
       [
        18.6834151,
        45.5530574
       ],
       [
        18.6834193,
        45.5530246
       ],
       [
        18.6833389,
        45.5530195
       ],
       [
        18.683335,
        45.5530498
       ],
       [
        18.683194,
        45.5530408
       ],
       [
        18.6831986,
        45.5530055
       ],
       [
        18.6828459,
        45.5529831
       ],
       [
        18.6828618,
        45.5528609
       ],
       [
        18.6828645,
        45.5528415
       ],
       [
        18.682797,
        45.5528388
       ],
       [
        18.6826732,
        45.5528343
       ],
       [
        18.6825864,
        45.5529711
       ],
       [
        18.6824605,
        45.5529618
       ],
       [
        18.6824517,
        45.5530652
       ],
       [
        18.6824359,
        45.5532457
       ],
       [
        18.6824348,
        45.5532613
       ],
       [
        18.682435,
        45.5532763
       ],
       [
        18.6828908,
        45.5533077
       ]
      ]
     ],
     [
      [
       [
        18.6837849,
        45.5537548
       ],
       [
        18.6838011,
        45.5536445
       ],
       [
        18.6838176,
        45.5535101
       ],
       [
        18.6838184,
        45.5534959
       ],
       [
        18.6837574,
        45.5534903
       ],
       [
        18.6834353,
        45.5534713
       ],
       [
        18.6833156,
        45.5534688
       ],
       [
        18.6832583,
        45.5534906
       ],
       [
        18.6832303,
        45.5536149
       ],
       [
        18.6832226,
        45.5536788
       ],
       [
        18.6832169,
        45.5537285
       ],
       [
        18.6832755,
        45.5537319
       ],
       [
        18.6837849,
        45.5537548
       ]
      ]
     ]
    ]
   }
  },
  {
   "type": "Feature",
   "properties": {
    "segment_id": "OS-Z0-011",
    "name": "Trg Ljudevita Gaja – sjever",
    "segment_from": "Ulica Stjepana Radića",
    "segment_to": "Ulica Dragutina Neumana",
    "location_type": "parking_area",
    "zone": "0",
    "municipal_status": "PAID",
    "hourly_price_eur": 1.5,
    "max_hours_per_day": 3,
    "active_from": "2026-09-21",
    "currently_active": "YES",
    "weekday_hours": "07:00-21:00",
    "saturday_hours": "07:00-15:00",
    "sunday_holidays": "FREE",
    "grace_minutes": 15,
    "sms_number": "708310",
    "special_rule": "Od 07:00 do 13:00 prvi sat parkiranja je besplatan. Nakon toga vrijede pravila Zone 0, najviše 3 sata dnevno.",
    "geometry_status": "MAPPED",
    "source_url": "https://trznicaos.hr/vijesti/obavijest-o-pocetku-naplate-usluge-parkiranja-na-podrucju-trga-ljudevita-gaja-u-osijeku",
    "source_type": "OFFICIAL",
    "verified": "YES",
    "notes": "Posebno pravilo za parkirališta kod glavne gradske tržnice.",
    "geometry_source": "OpenStreetMap (Overpass API) queried 2026-09-26, way 1357072196 (via way 27608165 parking:left=separate)",
    "geometry_method": "OSM parking along the square's north street, which runs exactly from Ulica Stjepana Radića to Ulica Dragutina Neumana; parking meter at Trg Ljudevita Gaja 4 adjacent. OSM fee/zone tags predate 2026.",
    "geometry_quality": "HIGH"
   },
   "geometry": {
    "type": "Polygon",
    "coordinates": [
     [
      [
       18.6826755,
       45.5592845
      ],
      [
       18.6826762,
       45.5592419
      ],
      [
       18.682701,
       45.559234
      ],
      [
       18.6840926,
       45.5592999
      ],
      [
       18.6840876,
       45.559347
      ],
      [
       18.6826755,
       45.5592845
      ]
     ]
    ]
   }
  },
  {
   "type": "Feature",
   "properties": {
    "segment_id": "OS-Z0-012",
    "name": "Trg Ljudevita Gaja – istok i Sudski prolaz",
    "segment_from": "",
    "segment_to": "",
    "location_type": "parking_area",
    "zone": "0",
    "municipal_status": "PAID",
    "hourly_price_eur": 1.5,
    "max_hours_per_day": 3,
    "active_from": "2026-09-21",
    "currently_active": "YES",
    "weekday_hours": "07:00-21:00",
    "saturday_hours": "07:00-15:00",
    "sunday_holidays": "FREE",
    "grace_minutes": 15,
    "sms_number": "708310",
    "special_rule": "Od 07:00 do 13:00 prvi sat parkiranja je besplatan. Nakon toga vrijede pravila Zone 0, najviše 3 sata dnevno.",
    "geometry_status": "MAPPED",
    "source_url": "https://trznicaos.hr/vijesti/obavijest-o-pocetku-naplate-usluge-parkiranja-na-podrucju-trga-ljudevita-gaja-u-osijeku",
    "source_type": "OFFICIAL",
    "verified": "YES",
    "notes": "Posebno pravilo za parkirališta kod glavne gradske tržnice.",
    "geometry_source": "OpenStreetMap (Overpass API) queried 2026-09-26, ways 545282182, 545282185, 1316179446, 1316179445, 865584225",
    "geometry_method": "East-side market car parks (Tržnica d.o.o.; meter at Trg Ljudevita Gaja 6) and the car park on the passage towards Županijski sud (inferred \"Sudski prolaz\"); position confirmed by the author 2026-09-27",
    "geometry_quality": "CONFIRMED"
   },
   "geometry": {
    "type": "MultiPolygon",
    "coordinates": [
     [
      [
       [
        18.6850054,
        45.5592906
       ],
       [
        18.6844485,
        45.5590629
       ],
       [
        18.684382,
        45.5591522
       ],
       [
        18.6843834,
        45.559228
       ],
       [
        18.6849065,
        45.5594313
       ],
       [
        18.6850054,
        45.5592906
       ]
      ]
     ],
     [
      [
       [
        18.6842208,
        45.5589786
       ],
       [
        18.6839694,
        45.5589686
       ],
       [
        18.6839987,
        45.5586082
       ],
       [
        18.6840685,
        45.558611
       ],
       [
        18.6840744,
        45.5585384
       ],
       [
        18.6842562,
        45.5585457
       ],
       [
        18.6842208,
        45.5589786
       ]
      ]
     ],
     [
      [
       [
        18.6844017,
        45.5579182
       ],
       [
        18.6844621,
        45.5579197
       ],
       [
        18.6843596,
        45.5589524
       ],
       [
        18.6843012,
        45.5589501
       ],
       [
        18.6844017,
        45.5579182
       ]
      ]
     ],
     [
      [
       [
        18.6842125,
        45.558346
       ],
       [
        18.6842593,
        45.5578183
       ],
       [
        18.6843319,
        45.5578215
       ],
       [
        18.684285,
        45.5583492
       ],
       [
        18.6842125,
        45.558346
       ]
      ]
     ],
     [
      [
       [
        18.6843698,
        45.5597486
       ],
       [
        18.6846167,
        45.5597631
       ],
       [
        18.6846079,
        45.5598368
       ],
       [
        18.684361,
        45.5598224
       ],
       [
        18.6843698,
        45.5597486
       ]
      ]
     ]
    ]
   }
  },
  {
   "type": "Feature",
   "properties": {
    "segment_id": "OS-Z1-001",
    "name": "Ulica Pavla Pejačevića",
    "segment_from": "Ulica Adolfa Waldingera",
    "segment_to": "Trg pape Ivana Pavla II.",
    "location_type": "street_segment",
    "zone": "1",
    "municipal_status": "PAID",
    "hourly_price_eur": 1.0,
    "max_hours_per_day": "",
    "active_from": "2026-09-21",
    "currently_active": "YES",
    "weekday_hours": "07:00-21:00",
    "saturday_hours": "07:00-15:00",
    "sunday_holidays": "FREE",
    "grace_minutes": 15,
    "sms_number": "708311",
    "special_rule": "",
    "geometry_status": "MAPPED",
    "source_url": "https://web.gpp-osijek.com/od-21-rujna-pocinje-naplata-parkiranja-u-sredistu-osijeka/",
    "source_type": "OFFICIAL",
    "verified": "YES",
    "notes": "",
    "geometry_source": "OpenStreetMap export supplied 2026-09-26",
    "geometry_method": "OSM named road clipped to official boundary names",
    "geometry_quality": "HIGH",
    "boundary_match_max_distance_m": 0.0
   },
   "geometry": {
    "type": "LineString",
    "coordinates": [
     [
      18.673165,
      45.5612226
     ],
     [
      18.673344,
      45.5611647
     ],
     [
      18.6735753,
      45.5610937
     ],
     [
      18.6736907,
      45.5610685
     ],
     [
      18.6738139,
      45.5610546
     ],
     [
      18.6739384,
      45.561048
     ],
     [
      18.6741578,
      45.5610503
     ],
     [
      18.6750199,
      45.5610627
     ],
     [
      18.6750593,
      45.561063
     ]
    ]
   }
  },
  {
   "type": "Feature",
   "properties": {
    "segment_id": "OS-Z1-002",
    "name": "Parkiralište „Zeko“ – Ulica Pavla Pejačevića",
    "segment_from": "",
    "segment_to": "",
    "location_type": "parking_area",
    "zone": "1",
    "municipal_status": "PAID",
    "hourly_price_eur": 1.0,
    "max_hours_per_day": "",
    "active_from": "2026-09-21",
    "currently_active": "YES",
    "weekday_hours": "07:00-21:00",
    "saturday_hours": "07:00-15:00",
    "sunday_holidays": "FREE",
    "grace_minutes": 15,
    "sms_number": "708311",
    "special_rule": "",
    "geometry_status": "MAPPED",
    "source_url": "https://web.gpp-osijek.com/od-21-rujna-pocinje-naplata-parkiranja-u-sredistu-osijeka/",
    "source_type": "OFFICIAL",
    "verified": "YES",
    "notes": "",
    "geometry_source": "OpenStreetMap export supplied 2026-09-26",
    "geometry_method": "Nearest OSM parking polygon to Pavla Pejačevića (30.8 m); position confirmed by the author 2026-09-27",
    "geometry_quality": "CONFIRMED"
   },
   "geometry": {
    "type": "Polygon",
    "coordinates": [
     [
      [
       18.6751676,
       45.5619092
      ],
      [
       18.6750863,
       45.561476
      ],
      [
       18.6749027,
       45.5614901
      ],
      [
       18.67489,
       45.5613794
      ],
      [
       18.6752096,
       45.5613501
      ],
      [
       18.6753276,
       45.5613395
      ],
      [
       18.6754205,
       45.5618704
      ],
      [
       18.6751676,
       45.5619092
      ]
     ]
    ]
   }
  },
  {
   "type": "Feature",
   "properties": {
    "segment_id": "OS-Z1-003",
    "name": "Ulica Lorenza Jägera",
    "segment_from": "Ulica Hrvatske Republike",
    "segment_to": "Ulica Ivana Adamovića",
    "location_type": "street_segment",
    "zone": "1",
    "municipal_status": "PAID",
    "hourly_price_eur": 1.0,
    "max_hours_per_day": "",
    "active_from": "2026-09-21",
    "currently_active": "YES",
    "weekday_hours": "07:00-21:00",
    "saturday_hours": "07:00-15:00",
    "sunday_holidays": "FREE",
    "grace_minutes": 15,
    "sms_number": "708311",
    "special_rule": "",
    "geometry_status": "MAPPED",
    "source_url": "https://web.gpp-osijek.com/od-21-rujna-pocinje-naplata-parkiranja-u-sredistu-osijeka/",
    "source_type": "OFFICIAL",
    "verified": "YES",
    "notes": "",
    "geometry_source": "OpenStreetMap export supplied 2026-09-26",
    "geometry_method": "OSM named road clipped to official boundary names",
    "geometry_quality": "HIGH",
    "boundary_match_max_distance_m": 0.0
   },
   "geometry": {
    "type": "LineString",
    "coordinates": [
     [
      18.6806524,
      45.5582426
     ],
     [
      18.6806581,
      45.558341
     ],
     [
      18.6807129,
      45.5592759
     ],
     [
      18.680719,
      45.5593733
     ],
     [
      18.6807527,
      45.5602539
     ]
    ]
   }
  },
  {
   "type": "Feature",
   "properties": {
    "segment_id": "OS-Z1-004",
    "name": "Ulica Hrvatske Republike",
    "segment_from": "Vijenac Jakova Gotovca",
    "segment_to": "Ulica Stjepana Radića",
    "location_type": "street_segment",
    "zone": "1",
    "municipal_status": "PAID",
    "hourly_price_eur": 1.0,
    "max_hours_per_day": "",
    "active_from": "2026-09-21",
    "currently_active": "YES",
    "weekday_hours": "07:00-21:00",
    "saturday_hours": "07:00-15:00",
    "sunday_holidays": "FREE",
    "grace_minutes": 15,
    "sms_number": "708311",
    "special_rule": "",
    "geometry_status": "MAPPED",
    "source_url": "https://web.gpp-osijek.com/od-21-rujna-pocinje-naplata-parkiranja-u-sredistu-osijeka/",
    "source_type": "OFFICIAL",
    "verified": "YES",
    "notes": "",
    "geometry_source": "OpenStreetMap export supplied 2026-09-26",
    "geometry_method": "OSM named road clipped to official boundary names",
    "geometry_quality": "HIGH",
    "boundary_match_max_distance_m": 0.0
   },
   "geometry": {
    "type": "LineString",
    "coordinates": [
     [
      18.6796619,
      45.5582832
     ],
     [
      18.6798651,
      45.5582749
     ],
     [
      18.6799556,
      45.5582712
     ],
     [
      18.6805384,
      45.5582472
     ],
     [
      18.6806524,
      45.5582426
     ],
     [
      18.6807352,
      45.5582392
     ],
     [
      18.6808221,
      45.5582356
     ],
     [
      18.6813041,
      45.5582158
     ],
     [
      18.6819684,
      45.5581885
     ],
     [
      18.6824421,
      45.5581691
     ],
     [
      18.6824997,
      45.5581667
     ],
     [
      18.682665,
      45.5581599
     ]
    ]
   }
  },
  {
   "type": "Feature",
   "properties": {
    "segment_id": "OS-Z1-005",
    "name": "Školska ulica",
    "segment_from": "",
    "segment_to": "",
    "location_type": "whole_location",
    "zone": "1",
    "municipal_status": "PAID",
    "hourly_price_eur": 1.0,
    "max_hours_per_day": "",
    "active_from": "2026-09-21",
    "currently_active": "YES",
    "weekday_hours": "07:00-21:00",
    "saturday_hours": "07:00-15:00",
    "sunday_holidays": "FREE",
    "grace_minutes": 15,
    "sms_number": "708311",
    "special_rule": "",
    "geometry_status": "MAPPED",
    "source_url": "https://web.gpp-osijek.com/od-21-rujna-pocinje-naplata-parkiranja-u-sredistu-osijeka/",
    "source_type": "OFFICIAL",
    "verified": "YES",
    "notes": "",
    "geometry_source": "OpenStreetMap export supplied 2026-09-26",
    "geometry_method": "Complete OSM named road geometry; removed a second part located in Višnjevac (reverse geocoded: Školska ulica, Mjesni odbor Višnjevac)",
    "geometry_quality": "HIGH"
   },
   "geometry": {
    "type": "LineString",
    "coordinates": [
     [
      18.6807129,
      45.5592759
     ],
     [
      18.6808287,
      45.5592725
     ],
     [
      18.6812645,
      45.5592598
     ],
     [
      18.6812816,
      45.5592593
     ],
     [
      18.6818316,
      45.5592406
     ],
     [
      18.6823687,
      45.5592189
     ],
     [
      18.6824112,
      45.5592183
     ],
     [
      18.6825481,
      45.5592196
     ]
    ]
   }
  },
  {
   "type": "Feature",
   "properties": {
    "segment_id": "OS-Z1-006",
    "name": "Ulica Ivana Adamovića",
    "segment_from": "",
    "segment_to": "",
    "location_type": "whole_location",
    "zone": "1",
    "municipal_status": "PAID",
    "hourly_price_eur": 1.0,
    "max_hours_per_day": "",
    "active_from": "2026-09-21",
    "currently_active": "YES",
    "weekday_hours": "07:00-21:00",
    "saturday_hours": "07:00-15:00",
    "sunday_holidays": "FREE",
    "grace_minutes": 15,
    "sms_number": "708311",
    "special_rule": "",
    "geometry_status": "MAPPED",
    "source_url": "https://web.gpp-osijek.com/od-21-rujna-pocinje-naplata-parkiranja-u-sredistu-osijeka/",
    "source_type": "OFFICIAL",
    "verified": "YES",
    "notes": "",
    "geometry_source": "OpenStreetMap export supplied 2026-09-26",
    "geometry_method": "Complete OSM named road geometry",
    "geometry_quality": "HIGH"
   },
   "geometry": {
    "type": "LineString",
    "coordinates": [
     [
      18.6807527,
      45.5602539
     ],
     [
      18.6808879,
      45.5602503
     ],
     [
      18.6809394,
      45.560249
     ],
     [
      18.682281,
      45.560214
     ],
     [
      18.6823223,
      45.5602129
     ],
     [
      18.6824165,
      45.5602104
     ]
    ]
   }
  },
  {
   "type": "Feature",
   "properties": {
    "segment_id": "OS-Z1-007",
    "name": "Vijenac Paje Kolarića",
    "segment_from": "",
    "segment_to": "",
    "location_type": "whole_location",
    "zone": "1",
    "municipal_status": "PAID",
    "hourly_price_eur": 1.0,
    "max_hours_per_day": "",
    "active_from": "2026-09-21",
    "currently_active": "YES",
    "weekday_hours": "07:00-21:00",
    "saturday_hours": "07:00-15:00",
    "sunday_holidays": "FREE",
    "grace_minutes": 15,
    "sms_number": "708311",
    "special_rule": "",
    "geometry_status": "MAPPED",
    "source_url": "https://web.gpp-osijek.com/od-21-rujna-pocinje-naplata-parkiranja-u-sredistu-osijeka/",
    "source_type": "OFFICIAL",
    "verified": "YES",
    "notes": "",
    "geometry_source": "OpenStreetMap export supplied 2026-09-26",
    "geometry_method": "Complete OSM named road geometry",
    "geometry_quality": "HIGH"
   },
   "geometry": {
    "type": "MultiLineString",
    "coordinates": [
     [
      [
       18.6796849,
       45.5592145
      ],
      [
       18.6796799,
       45.5590658
      ],
      [
       18.6796791,
       45.55905
      ]
     ],
     [
      [
       18.6796849,
       45.5592145
      ],
      [
       18.6796858,
       45.5595825
      ],
      [
       18.6796862,
       45.5597056
      ],
      [
       18.6796852,
       45.5598871
      ],
      [
       18.6796847,
       45.5599631
      ],
      [
       18.6796821,
       45.5600802
      ],
      [
       18.6796782,
       45.5602513
      ],
      [
       18.6790828,
       45.5602476
      ],
      [
       18.6790677,
       45.5602475
      ],
      [
       18.67907,
       45.56008
      ],
      [
       18.6790726,
       45.5599674
      ],
      [
       18.6790743,
       45.5598993
      ],
      [
       18.6790789,
       45.5596784
      ],
      [
       18.6790804,
       45.5595431
      ],
      [
       18.6790828,
       45.5593776
      ],
      [
       18.6790851,
       45.5592273
      ],
      [
       18.6796849,
       45.5592145
      ]
     ]
    ]
   }
  },
  {
   "type": "Feature",
   "properties": {
    "segment_id": "OS-Z1-008",
    "name": "Vijenac Jakova Gotovca",
    "segment_from": "",
    "segment_to": "",
    "location_type": "whole_location",
    "zone": "1",
    "municipal_status": "PAID",
    "hourly_price_eur": 1.0,
    "max_hours_per_day": "",
    "active_from": "2026-09-21",
    "currently_active": "YES",
    "weekday_hours": "07:00-21:00",
    "saturday_hours": "07:00-15:00",
    "sunday_holidays": "FREE",
    "grace_minutes": 15,
    "sms_number": "708311",
    "special_rule": "",
    "geometry_status": "MAPPED",
    "source_url": "https://web.gpp-osijek.com/od-21-rujna-pocinje-naplata-parkiranja-u-sredistu-osijeka/",
    "source_type": "OFFICIAL",
    "verified": "YES",
    "notes": "",
    "geometry_source": "OpenStreetMap export supplied 2026-09-26",
    "geometry_method": "Complete OSM named road geometry",
    "geometry_quality": "HIGH"
   },
   "geometry": {
    "type": "MultiLineString",
    "coordinates": [
     [
      [
       18.6785588,
       45.5589791
      ],
      [
       18.6785593,
       45.5589668
      ]
     ],
     [
      [
       18.6785593,
       45.5589668
      ],
      [
       18.6785665,
       45.5588045
      ]
     ],
     [
      [
       18.6785593,
       45.5589668
      ],
      [
       18.6791311,
       45.5589636
      ]
     ],
     [
      [
       18.6785665,
       45.5588045
      ],
      [
       18.678563,
       45.5587066
      ],
      [
       18.6789134,
       45.5587004
      ],
      [
       18.6789135,
       45.5587977
      ]
     ],
     [
      [
       18.6789135,
       45.5587977
      ],
      [
       18.6785665,
       45.5588045
      ]
     ],
     [
      [
       18.6791328,
       45.5587933
      ],
      [
       18.6789135,
       45.5587977
      ]
     ],
     [
      [
       18.6791238,
       45.5584427
      ],
      [
       18.6791242,
       45.5585107
      ],
      [
       18.679124,
       45.5585448
      ],
      [
       18.6791328,
       45.5587933
      ]
     ],
     [
      [
       18.6791328,
       45.5587933
      ],
      [
       18.6791311,
       45.5589636
      ]
     ],
     [
      [
       18.6791311,
       45.5589636
      ],
      [
       18.679633,
       45.5589607
      ]
     ],
     [
      [
       18.6796772,
       45.5589752
      ],
      [
       18.679674,
       45.5586033
      ],
      [
       18.6796727,
       45.5584466
      ],
      [
       18.6796725,
       45.5584264
      ],
      [
       18.6796619,
       45.5582832
      ]
     ]
    ]
   }
  },
  {
   "type": "Feature",
   "properties": {
    "segment_id": "OS-Z0-M001",
    "name": "Ulica Josipa Jurja Strossmayera",
    "segment_from": "",
    "segment_to": "",
    "location_type": "street_segment",
    "zone": "0",
    "municipal_status": "PAID",
    "hourly_price_eur": 1.5,
    "max_hours_per_day": 3,
    "active_from": "2026-09-30",
    "currently_active": "YES",
    "weekday_hours": "07:00-21:00",
    "saturday_hours": "07:00-15:00",
    "sunday_holidays": "FREE",
    "grace_minutes": 15,
    "sms_number": "708310",
    "special_rule": "",
    "geometry_status": "MAPPED",
    "source_url": "https://web.gpp-osijek.com/parking/",
    "source_type": "OFFICIAL",
    "verified": "YES",
    "notes": "",
    "geometry_source": "OpenStreetMap (Overpass API) queried 2026-09-30",
    "geometry_method": "OSM road clipped to the stretch coloured on GPP map \"Sve zone parkiranja\" (georeferenced)"
   },
   "geometry": {
    "type": "LineString",
    "coordinates": [
     [
      18.6760638,
      45.5620284
     ],
     [
      18.6764398,
      45.561958
     ],
     [
      18.6764871,
      45.5619818
     ],
     [
      18.6764663,
      45.562023
     ]
    ]
   }
  },
  {
   "type": "Feature",
   "properties": {
    "segment_id": "OS-Z1-M001",
    "name": "Donjodravska obala",
    "segment_from": "",
    "segment_to": "",
    "location_type": "street_segment",
    "zone": "1",
    "municipal_status": "PAID",
    "hourly_price_eur": 1.0,
    "max_hours_per_day": "",
    "active_from": "2026-09-30",
    "currently_active": "YES",
    "weekday_hours": "07:00-21:00",
    "saturday_hours": "07:00-15:00",
    "sunday_holidays": "FREE",
    "grace_minutes": 15,
    "sms_number": "708311",
    "special_rule": "",
    "geometry_status": "MAPPED",
    "source_url": "https://web.gpp-osijek.com/parking/",
    "source_type": "OFFICIAL",
    "verified": "YES",
    "notes": "",
    "geometry_source": "OpenStreetMap (Overpass API) queried 2026-09-30",
    "geometry_method": "OSM road clipped to the stretch coloured on GPP map \"Sve zone parkiranja\" (georeferenced)"
   },
   "geometry": {
    "type": "LineString",
    "coordinates": [
     [
      18.709443,
      45.5582988
     ],
     [
      18.7096521,
      45.5582997
     ],
     [
      18.7099545,
      45.5583238
     ],
     [
      18.7107192,
      45.5584204
     ],
     [
      18.7110257,
      45.5584827
     ]
    ]
   }
  },
  {
   "type": "Feature",
   "properties": {
    "segment_id": "OS-Z1-M002",
    "name": "Europska avenija",
    "segment_from": "",
    "segment_to": "",
    "location_type": "street_segment",
    "zone": "1",
    "municipal_status": "PAID",
    "hourly_price_eur": 1.0,
    "max_hours_per_day": "",
    "active_from": "2026-09-30",
    "currently_active": "YES",
    "weekday_hours": "07:00-21:00",
    "saturday_hours": "07:00-15:00",
    "sunday_holidays": "FREE",
    "grace_minutes": 15,
    "sms_number": "708311",
    "special_rule": "",
    "geometry_status": "MAPPED",
    "source_url": "https://web.gpp-osijek.com/parking/",
    "source_type": "OFFICIAL",
    "verified": "YES",
    "notes": "",
    "geometry_source": "OpenStreetMap (Overpass API) queried 2026-09-30",
    "geometry_method": "OSM road clipped to the stretch coloured on GPP map \"Sve zone parkiranja\" (georeferenced)"
   },
   "geometry": {
    "type": "MultiLineString",
    "coordinates": [
     [
      [
       18.6841386,
       45.5606254
      ],
      [
       18.682532,
       45.5609138
      ]
     ],
     [
      [
       18.6856373,
       45.5603603
      ],
      [
       18.6841386,
       45.5606254
      ]
     ],
     [
      [
       18.6869734,
       45.5601226
      ],
      [
       18.6856373,
       45.5603603
      ]
     ]
    ]
   }
  },
  {
   "type": "Feature",
   "properties": {
    "segment_id": "OS-Z1-M003",
    "name": "Gornjodravska obala",
    "segment_from": "",
    "segment_to": "",
    "location_type": "street_segment",
    "zone": "1",
    "municipal_status": "PAID",
    "hourly_price_eur": 1.0,
    "max_hours_per_day": "",
    "active_from": "2026-09-30",
    "currently_active": "YES",
    "weekday_hours": "07:00-21:00",
    "saturday_hours": "07:00-15:00",
    "sunday_holidays": "FREE",
    "grace_minutes": 15,
    "sms_number": "708311",
    "special_rule": "",
    "geometry_status": "MAPPED",
    "source_url": "https://web.gpp-osijek.com/parking/",
    "source_type": "OFFICIAL",
    "verified": "YES",
    "notes": "",
    "geometry_source": "OpenStreetMap (Overpass API) queried 2026-09-30",
    "geometry_method": "OSM road clipped to the stretch coloured on GPP map \"Sve zone parkiranja\" (georeferenced)"
   },
   "geometry": {
    "type": "MultiLineString",
    "coordinates": [
     [
      [
       18.672245,
       45.564398
      ],
      [
       18.6741279,
       45.5638563
      ],
      [
       18.6751183,
       45.5636243
      ],
      [
       18.6761552,
       45.5634387
      ]
     ],
     [
      [
       18.673637,
       45.56399
      ],
      [
       18.6733059,
       45.5633898
      ]
     ],
     [
      [
       18.6761552,
       45.5634387
      ],
      [
       18.6762409,
       45.5634526
      ],
      [
       18.6762751,
       45.5635085
      ],
      [
       18.676254,
       45.5635521
      ],
      [
       18.6761799,
       45.5635743
      ],
      [
       18.6760777,
       45.5635481
      ],
      [
       18.6759646,
       45.5634717
      ]
     ],
     [
      [
       18.674012,
       45.5625629
      ],
      [
       18.6741111,
       45.5627058
      ],
      [
       18.6745891,
       45.563745
      ]
     ],
     [
      [
       18.6751402,
       45.5626556
      ],
      [
       18.6758403,
       45.5625424
      ],
      [
       18.6759914,
       45.5625231
      ],
      [
       18.6760673,
       45.5625328
      ]
     ]
    ]
   }
  },
  {
   "type": "Feature",
   "properties": {
    "segment_id": "OS-Z1-M004",
    "name": "Istarska ulica",
    "segment_from": "",
    "segment_to": "",
    "location_type": "street_segment",
    "zone": "1",
    "municipal_status": "PAID",
    "hourly_price_eur": 1.0,
    "max_hours_per_day": "",
    "active_from": "2026-09-30",
    "currently_active": "YES",
    "weekday_hours": "07:00-21:00",
    "saturday_hours": "07:00-15:00",
    "sunday_holidays": "FREE",
    "grace_minutes": 15,
    "sms_number": "708311",
    "special_rule": "",
    "geometry_status": "MAPPED",
    "source_url": "https://web.gpp-osijek.com/parking/",
    "source_type": "OFFICIAL",
    "verified": "YES",
    "notes": "",
    "geometry_source": "OpenStreetMap (Overpass API) queried 2026-09-30",
    "geometry_method": "OSM road clipped to the stretch coloured on GPP map \"Sve zone parkiranja\" (georeferenced)"
   },
   "geometry": {
    "type": "LineString",
    "coordinates": [
     [
      18.6945639,
      45.5587049
     ],
     [
      18.6942393,
      45.5577732
     ]
    ]
   }
  },
  {
   "type": "Feature",
   "properties": {
    "segment_id": "OS-Z1-M005",
    "name": "Park kraljice Katarine Kosača",
    "segment_from": "",
    "segment_to": "",
    "location_type": "street_segment",
    "zone": "1",
    "municipal_status": "PAID",
    "hourly_price_eur": 1.0,
    "max_hours_per_day": "",
    "active_from": "2026-09-30",
    "currently_active": "YES",
    "weekday_hours": "07:00-21:00",
    "saturday_hours": "07:00-15:00",
    "sunday_holidays": "FREE",
    "grace_minutes": 15,
    "sms_number": "708311",
    "special_rule": "",
    "geometry_status": "MAPPED",
    "source_url": "https://web.gpp-osijek.com/parking/",
    "source_type": "OFFICIAL",
    "verified": "YES",
    "notes": "",
    "geometry_source": "OpenStreetMap (Overpass API) queried 2026-09-30",
    "geometry_method": "OSM road clipped to the stretch coloured on GPP map \"Sve zone parkiranja\" (georeferenced)"
   },
   "geometry": {
    "type": "LineString",
    "coordinates": [
     [
      18.7156804,
      45.5563612
     ],
     [
      18.7157268,
      45.5572475
     ]
    ]
   }
  },
  {
   "type": "Feature",
   "properties": {
    "segment_id": "OS-Z1-M006",
    "name": "Parkiralište – Fakultetska ulica",
    "segment_from": "",
    "segment_to": "",
    "location_type": "street_segment",
    "zone": "1",
    "municipal_status": "PAID",
    "hourly_price_eur": 1.0,
    "max_hours_per_day": "",
    "active_from": "2026-09-30",
    "currently_active": "YES",
    "weekday_hours": "07:00-21:00",
    "saturday_hours": "07:00-15:00",
    "sunday_holidays": "FREE",
    "grace_minutes": 15,
    "sms_number": "708311",
    "special_rule": "",
    "geometry_status": "MAPPED",
    "source_url": "https://web.gpp-osijek.com/parking/",
    "source_type": "OFFICIAL",
    "verified": "YES",
    "notes": "",
    "geometry_source": "OpenStreetMap (Overpass API) queried 2026-09-30",
    "geometry_method": "OSM road clipped to the stretch coloured on GPP map \"Sve zone parkiranja\" (georeferenced)"
   },
   "geometry": {
    "type": "LineString",
    "coordinates": [
     [
      18.6987463,
      45.5596596
     ],
     [
      18.698026,
      45.5598095
     ],
     [
      18.6979825,
      45.5598003
     ],
     [
      18.6979598,
      45.5597743
     ],
     [
      18.6979426,
      45.559664
     ]
    ]
   }
  },
  {
   "type": "Feature",
   "properties": {
    "segment_id": "OS-Z1-M007",
    "name": "Parkiralište – Ulica Christiana Monspergera",
    "segment_from": "",
    "segment_to": "",
    "location_type": "street_segment",
    "zone": "1",
    "municipal_status": "PAID",
    "hourly_price_eur": 1.0,
    "max_hours_per_day": "",
    "active_from": "2026-09-30",
    "currently_active": "YES",
    "weekday_hours": "07:00-21:00",
    "saturday_hours": "07:00-15:00",
    "sunday_holidays": "FREE",
    "grace_minutes": 15,
    "sms_number": "708311",
    "special_rule": "",
    "geometry_status": "MAPPED",
    "source_url": "https://web.gpp-osijek.com/parking/",
    "source_type": "OFFICIAL",
    "verified": "YES",
    "notes": "",
    "geometry_source": "OpenStreetMap (Overpass API) queried 2026-09-30",
    "geometry_method": "OSM road clipped to the stretch coloured on GPP map \"Sve zone parkiranja\" (georeferenced)"
   },
   "geometry": {
    "type": "LineString",
    "coordinates": [
     [
      18.7111064,
      45.5580152
     ],
     [
      18.7109935,
      45.5582877
     ],
     [
      18.7108174,
      45.5582868
     ]
    ]
   }
  },
  {
   "type": "Feature",
   "properties": {
    "segment_id": "OS-Z1-M008",
    "name": "Parkiralište – Ulica Hrvatske Republike",
    "segment_from": "",
    "segment_to": "",
    "location_type": "street_segment",
    "zone": "1",
    "municipal_status": "PAID",
    "hourly_price_eur": 1.0,
    "max_hours_per_day": "",
    "active_from": "2026-09-30",
    "currently_active": "YES",
    "weekday_hours": "07:00-21:00",
    "saturday_hours": "07:00-15:00",
    "sunday_holidays": "FREE",
    "grace_minutes": 15,
    "sms_number": "708311",
    "special_rule": "",
    "geometry_status": "MAPPED",
    "source_url": "https://web.gpp-osijek.com/parking/",
    "source_type": "OFFICIAL",
    "verified": "YES",
    "notes": "",
    "geometry_source": "OpenStreetMap (Overpass API) queried 2026-09-30",
    "geometry_method": "OSM road clipped to the stretch coloured on GPP map \"Sve zone parkiranja\" (georeferenced)"
   },
   "geometry": {
    "type": "MultiLineString",
    "coordinates": [
     [
      [
       18.6800566,
       45.5567893
      ],
      [
       18.6795233,
       45.5567877
      ],
      [
       18.6794683,
       45.5567611
      ],
      [
       18.6794601,
       45.5567409
      ],
      [
       18.6794711,
       45.5566676
      ],
      [
       18.6795661,
       45.5566366
      ],
      [
       18.6800609,
       45.5566626
      ]
     ],
     [
      [
       18.6770279,
       45.5580845
      ],
      [
       18.6769998,
       45.5579281
      ],
      [
       18.6769729,
       45.5579044
      ],
      [
       18.6769016,
       45.5578878
      ],
      [
       18.6767107,
       45.5578825
      ]
     ]
    ]
   }
  },
  {
   "type": "Feature",
   "properties": {
    "segment_id": "OS-Z1-M009",
    "name": "Parkiralište – Ulica Ivana Gundulića",
    "segment_from": "",
    "segment_to": "",
    "location_type": "street_segment",
    "zone": "1",
    "municipal_status": "PAID",
    "hourly_price_eur": 1.0,
    "max_hours_per_day": "",
    "active_from": "2026-09-30",
    "currently_active": "YES",
    "weekday_hours": "07:00-21:00",
    "saturday_hours": "07:00-15:00",
    "sunday_holidays": "FREE",
    "grace_minutes": 15,
    "sms_number": "708311",
    "special_rule": "",
    "geometry_status": "MAPPED",
    "source_url": "https://web.gpp-osijek.com/parking/",
    "source_type": "OFFICIAL",
    "verified": "YES",
    "notes": "",
    "geometry_source": "OpenStreetMap (Overpass API) queried 2026-09-30",
    "geometry_method": "OSM road clipped to the stretch coloured on GPP map \"Sve zone parkiranja\" (georeferenced)"
   },
   "geometry": {
    "type": "MultiLineString",
    "coordinates": [
     [
      [
       18.6801481,
       45.5563726
      ],
      [
       18.6802493,
       45.5564293
      ],
      [
       18.6802655,
       45.5564581
      ],
      [
       18.680253,
       45.5567772
      ],
      [
       18.6802084,
       45.5567932
      ],
      [
       18.6800566,
       45.5567893
      ],
      [
       18.6800837,
       45.5564259
      ],
      [
       18.6801039,
       45.5563664
      ],
      [
       18.6801481,
       45.5563726
      ]
     ],
     [
      [
       18.6794961,
       45.555858
      ],
      [
       18.6789666,
       45.5560245
      ],
      [
       18.6788103,
       45.5560029
      ],
      [
       18.6788107,
       45.5559626
      ],
      [
       18.6789082,
       45.5559273
      ],
      [
       18.6792657,
       45.555856
      ]
     ]
    ]
   }
  },
  {
   "type": "Feature",
   "properties": {
    "segment_id": "OS-Z1-M010",
    "name": "Parkiralište – Ulica Josipa Jurja Strossmayera",
    "segment_from": "",
    "segment_to": "",
    "location_type": "street_segment",
    "zone": "1",
    "municipal_status": "PAID",
    "hourly_price_eur": 1.0,
    "max_hours_per_day": "",
    "active_from": "2026-09-30",
    "currently_active": "YES",
    "weekday_hours": "07:00-21:00",
    "saturday_hours": "07:00-15:00",
    "sunday_holidays": "FREE",
    "grace_minutes": 15,
    "sms_number": "708311",
    "special_rule": "",
    "geometry_status": "MAPPED",
    "source_url": "https://web.gpp-osijek.com/parking/",
    "source_type": "OFFICIAL",
    "verified": "YES",
    "notes": "",
    "geometry_source": "OpenStreetMap (Overpass API) queried 2026-09-30",
    "geometry_method": "OSM road clipped to the stretch coloured on GPP map \"Sve zone parkiranja\" (georeferenced)"
   },
   "geometry": {
    "type": "MultiLineString",
    "coordinates": [
     [
      [
       18.6733523,
       45.5634739
      ],
      [
       18.6729122,
       45.5636707
      ],
      [
       18.6727655,
       45.5637619
      ]
     ],
     [
      [
       18.6729122,
       45.5636707
      ],
      [
       18.672679,
       45.5632927
      ]
     ],
     [
      [
       18.6728914,
       45.5632182
      ],
      [
       18.6731568,
       45.563552
      ]
     ]
    ]
   }
  },
  {
   "type": "Feature",
   "properties": {
    "segment_id": "OS-Z1-M011",
    "name": "Parkiralište – Ulica Kamila Firingera",
    "segment_from": "",
    "segment_to": "",
    "location_type": "street_segment",
    "zone": "1",
    "municipal_status": "PAID",
    "hourly_price_eur": 1.0,
    "max_hours_per_day": "",
    "active_from": "2026-09-30",
    "currently_active": "YES",
    "weekday_hours": "07:00-21:00",
    "saturday_hours": "07:00-15:00",
    "sunday_holidays": "FREE",
    "grace_minutes": 15,
    "sms_number": "708311",
    "special_rule": "",
    "geometry_status": "MAPPED",
    "source_url": "https://web.gpp-osijek.com/parking/",
    "source_type": "OFFICIAL",
    "verified": "YES",
    "notes": "",
    "geometry_source": "OpenStreetMap (Overpass API) queried 2026-09-30",
    "geometry_method": "OSM road clipped to the stretch coloured on GPP map \"Sve zone parkiranja\" (georeferenced)"
   },
   "geometry": {
    "type": "LineString",
    "coordinates": [
     [
      18.6979426,
      45.559664
     ],
     [
      18.6986244,
      45.5595166
     ]
    ]
   }
  },
  {
   "type": "Feature",
   "properties": {
    "segment_id": "OS-Z1-M012",
    "name": "Parkiralište – Ulica Vatroslava Jagića",
    "segment_from": "",
    "segment_to": "",
    "location_type": "street_segment",
    "zone": "1",
    "municipal_status": "PAID",
    "hourly_price_eur": 1.0,
    "max_hours_per_day": "",
    "active_from": "2026-09-30",
    "currently_active": "YES",
    "weekday_hours": "07:00-21:00",
    "saturday_hours": "07:00-15:00",
    "sunday_holidays": "FREE",
    "grace_minutes": 15,
    "sms_number": "708311",
    "special_rule": "",
    "geometry_status": "MAPPED",
    "source_url": "https://web.gpp-osijek.com/parking/",
    "source_type": "OFFICIAL",
    "verified": "YES",
    "notes": "",
    "geometry_source": "OpenStreetMap (Overpass API) queried 2026-09-30",
    "geometry_method": "OSM road clipped to the stretch coloured on GPP map \"Sve zone parkiranja\" (georeferenced)"
   },
   "geometry": {
    "type": "MultiLineString",
    "coordinates": [
     [
      [
       18.6988677,
       45.5594631
      ],
      [
       18.6994833,
       45.5601416
      ]
     ],
     [
      [
       18.6991398,
       45.5600781
      ],
      [
       18.6987463,
       45.5596596
      ]
     ]
    ]
   }
  },
  {
   "type": "Feature",
   "properties": {
    "segment_id": "OS-Z1-M013",
    "name": "Parkiralište – Vukovarska cesta",
    "segment_from": "",
    "segment_to": "",
    "location_type": "street_segment",
    "zone": "1",
    "municipal_status": "PAID",
    "hourly_price_eur": 1.0,
    "max_hours_per_day": "",
    "active_from": "2026-09-30",
    "currently_active": "YES",
    "weekday_hours": "07:00-21:00",
    "saturday_hours": "07:00-15:00",
    "sunday_holidays": "FREE",
    "grace_minutes": 15,
    "sms_number": "708311",
    "special_rule": "",
    "geometry_status": "MAPPED",
    "source_url": "https://web.gpp-osijek.com/parking/",
    "source_type": "OFFICIAL",
    "verified": "YES",
    "notes": "",
    "geometry_source": "OpenStreetMap (Overpass API) queried 2026-09-30",
    "geometry_method": "OSM road clipped to the stretch coloured on GPP map \"Sve zone parkiranja\" (georeferenced)"
   },
   "geometry": {
    "type": "LineString",
    "coordinates": [
     [
      18.6859405,
      45.5576016
     ],
     [
      18.6858866,
      45.5575343
     ],
     [
      18.6858191,
      45.5574889
     ],
     [
      18.6857478,
      45.557463
     ],
     [
      18.6856617,
      45.5574546
     ],
     [
      18.6855256,
      45.5574805
     ],
     [
      18.684607,
      45.5577341
     ]
    ]
   }
  },
  {
   "type": "Feature",
   "properties": {
    "segment_id": "OS-Z1-M014",
    "name": "Parkiralište – Šetalište kardinala Franje Šepera",
    "segment_from": "",
    "segment_to": "",
    "location_type": "street_segment",
    "zone": "1",
    "municipal_status": "PAID",
    "hourly_price_eur": 1.0,
    "max_hours_per_day": "",
    "active_from": "2026-09-30",
    "currently_active": "YES",
    "weekday_hours": "07:00-21:00",
    "saturday_hours": "07:00-15:00",
    "sunday_holidays": "FREE",
    "grace_minutes": 15,
    "sms_number": "708311",
    "special_rule": "",
    "geometry_status": "MAPPED",
    "source_url": "https://web.gpp-osijek.com/parking/",
    "source_type": "OFFICIAL",
    "verified": "YES",
    "notes": "",
    "geometry_source": "OpenStreetMap (Overpass API) queried 2026-09-30",
    "geometry_method": "OSM road clipped to the stretch coloured on GPP map \"Sve zone parkiranja\" (georeferenced)"
   },
   "geometry": {
    "type": "LineString",
    "coordinates": [
     [
      18.6854727,
      45.5619704
     ],
     [
      18.6857333,
      45.5620121
     ],
     [
      18.6858043,
      45.562049
     ],
     [
      18.6858065,
      45.5622166
     ],
     [
      18.6858269,
      45.5622491
     ],
     [
      18.6862549,
      45.5622794
     ]
    ]
   }
  },
  {
   "type": "Feature",
   "properties": {
    "segment_id": "OS-Z1-M015",
    "name": "Reisnerova ulica",
    "segment_from": "",
    "segment_to": "",
    "location_type": "street_segment",
    "zone": "1",
    "municipal_status": "PAID",
    "hourly_price_eur": 1.0,
    "max_hours_per_day": "",
    "active_from": "2026-09-30",
    "currently_active": "YES",
    "weekday_hours": "07:00-21:00",
    "saturday_hours": "07:00-15:00",
    "sunday_holidays": "FREE",
    "grace_minutes": 15,
    "sms_number": "708311",
    "special_rule": "",
    "geometry_status": "MAPPED",
    "source_url": "https://web.gpp-osijek.com/parking/",
    "source_type": "OFFICIAL",
    "verified": "YES",
    "notes": "",
    "geometry_source": "OpenStreetMap (Overpass API) queried 2026-09-30",
    "geometry_method": "OSM road clipped to the stretch coloured on GPP map \"Sve zone parkiranja\" (georeferenced)"
   },
   "geometry": {
    "type": "MultiLineString",
    "coordinates": [
     [
      [
       18.6728616,
       45.5547952
      ],
      [
       18.6744678,
       45.5547973
      ]
     ],
     [
      [
       18.6821517,
       45.5547492
      ],
      [
       18.6826767,
       45.5547513
      ]
     ],
     [
      [
       18.6810268,
       45.5547456
      ],
      [
       18.6817579,
       45.5547476
      ]
     ],
     [
      [
       18.6831264,
       45.5547501
      ],
      [
       18.6849027,
       45.5547353
      ]
     ]
    ]
   }
  },
  {
   "type": "Feature",
   "properties": {
    "segment_id": "OS-Z1-M016",
    "name": "Ružina ulica",
    "segment_from": "",
    "segment_to": "",
    "location_type": "street_segment",
    "zone": "1",
    "municipal_status": "PAID",
    "hourly_price_eur": 1.0,
    "max_hours_per_day": "",
    "active_from": "2026-09-30",
    "currently_active": "YES",
    "weekday_hours": "07:00-21:00",
    "saturday_hours": "07:00-15:00",
    "sunday_holidays": "FREE",
    "grace_minutes": 15,
    "sms_number": "708311",
    "special_rule": "",
    "geometry_status": "MAPPED",
    "source_url": "https://web.gpp-osijek.com/parking/",
    "source_type": "OFFICIAL",
    "verified": "YES",
    "notes": "",
    "geometry_source": "OpenStreetMap (Overpass API) queried 2026-09-30",
    "geometry_method": "OSM road clipped to the stretch coloured on GPP map \"Sve zone parkiranja\" (georeferenced)"
   },
   "geometry": {
    "type": "LineString",
    "coordinates": [
     [
      18.6750842,
      45.5576465
     ],
     [
      18.6757958,
      45.5576308
     ]
    ]
   }
  },
  {
   "type": "Feature",
   "properties": {
    "segment_id": "OS-Z1-M017",
    "name": "Sunčana ulica",
    "segment_from": "",
    "segment_to": "",
    "location_type": "street_segment",
    "zone": "1",
    "municipal_status": "PAID",
    "hourly_price_eur": 1.0,
    "max_hours_per_day": "",
    "active_from": "2026-09-30",
    "currently_active": "YES",
    "weekday_hours": "07:00-21:00",
    "saturday_hours": "07:00-15:00",
    "sunday_holidays": "FREE",
    "grace_minutes": 15,
    "sms_number": "708311",
    "special_rule": "",
    "geometry_status": "MAPPED",
    "source_url": "https://web.gpp-osijek.com/parking/",
    "source_type": "OFFICIAL",
    "verified": "YES",
    "notes": "",
    "geometry_source": "OpenStreetMap (Overpass API) queried 2026-09-30",
    "geometry_method": "OSM road clipped to the stretch coloured on GPP map \"Sve zone parkiranja\" (georeferenced)"
   },
   "geometry": {
    "type": "LineString",
    "coordinates": [
     [
      18.6813548,
      45.5564816
     ],
     [
      18.6813103,
      45.5564089
     ],
     [
      18.6813852,
      45.5563506
     ],
     [
      18.6813469,
      45.5562224
     ],
     [
      18.681435,
      45.5562229
     ],
     [
      18.6814578,
      45.5563016
     ],
     [
      18.6815033,
      45.556274
     ],
     [
      18.6815111,
      45.5563006
     ]
    ]
   }
  },
  {
   "type": "Feature",
   "properties": {
    "segment_id": "OS-Z1-M018",
    "name": "Trg Ljudevita Gaja",
    "segment_from": "",
    "segment_to": "",
    "location_type": "street_segment",
    "zone": "1",
    "municipal_status": "PAID",
    "hourly_price_eur": 1.0,
    "max_hours_per_day": "",
    "active_from": "2026-09-30",
    "currently_active": "YES",
    "weekday_hours": "07:00-21:00",
    "saturday_hours": "07:00-15:00",
    "sunday_holidays": "FREE",
    "grace_minutes": 15,
    "sms_number": "708311",
    "special_rule": "",
    "geometry_status": "MAPPED",
    "source_url": "https://web.gpp-osijek.com/parking/",
    "source_type": "OFFICIAL",
    "verified": "YES",
    "notes": "",
    "geometry_source": "OpenStreetMap (Overpass API) queried 2026-09-30",
    "geometry_method": "OSM road clipped to the stretch coloured on GPP map \"Sve zone parkiranja\" (georeferenced)"
   },
   "geometry": {
    "type": "LineString",
    "coordinates": [
     [
      18.6841803,
      45.5574668
     ],
     [
      18.6827408,
      45.5573773
     ]
    ]
   }
  },
  {
   "type": "Feature",
   "properties": {
    "segment_id": "OS-Z1-M019",
    "name": "Trg bana Josipa Jelačića",
    "segment_from": "",
    "segment_to": "",
    "location_type": "street_segment",
    "zone": "1",
    "municipal_status": "PAID",
    "hourly_price_eur": 1.0,
    "max_hours_per_day": "",
    "active_from": "2026-09-30",
    "currently_active": "YES",
    "weekday_hours": "07:00-21:00",
    "saturday_hours": "07:00-15:00",
    "sunday_holidays": "FREE",
    "grace_minutes": 15,
    "sms_number": "708311",
    "special_rule": "",
    "geometry_status": "MAPPED",
    "source_url": "https://web.gpp-osijek.com/parking/",
    "source_type": "OFFICIAL",
    "verified": "YES",
    "notes": "",
    "geometry_source": "OpenStreetMap (Overpass API) queried 2026-09-30",
    "geometry_method": "OSM road clipped to the stretch coloured on GPP map \"Sve zone parkiranja\" (georeferenced)"
   },
   "geometry": {
    "type": "MultiLineString",
    "coordinates": [
     [
      [
       18.7181452,
       45.5559383
      ],
      [
       18.7183716,
       45.5559442
      ],
      [
       18.7196491,
       45.5562617
      ]
     ],
     [
      [
       18.7196357,
       45.5563141
      ],
      [
       18.7196944,
       45.5561286
      ],
      [
       18.7200918,
       45.5553994
      ]
     ],
     [
      [
       18.71713,
       45.5560619
      ],
      [
       18.7181452,
       45.5559383
      ]
     ]
    ]
   }
  },
  {
   "type": "Feature",
   "properties": {
    "segment_id": "OS-Z1-M020",
    "name": "Ulica Adolfa Waldingera",
    "segment_from": "",
    "segment_to": "",
    "location_type": "street_segment",
    "zone": "1",
    "municipal_status": "PAID",
    "hourly_price_eur": 1.0,
    "max_hours_per_day": "",
    "active_from": "2026-09-30",
    "currently_active": "YES",
    "weekday_hours": "07:00-21:00",
    "saturday_hours": "07:00-15:00",
    "sunday_holidays": "FREE",
    "grace_minutes": 15,
    "sms_number": "708311",
    "special_rule": "",
    "geometry_status": "MAPPED",
    "source_url": "https://web.gpp-osijek.com/parking/",
    "source_type": "OFFICIAL",
    "verified": "YES",
    "notes": "",
    "geometry_source": "OpenStreetMap (Overpass API) queried 2026-09-30",
    "geometry_method": "OSM road clipped to the stretch coloured on GPP map \"Sve zone parkiranja\" (georeferenced)"
   },
   "geometry": {
    "type": "LineString",
    "coordinates": [
     [
      18.6731912,
      45.561338
     ],
     [
      18.6734555,
      45.562346
     ],
     [
      18.6735648,
      45.5626547
     ],
     [
      18.6736164,
      45.5627399
     ],
     [
      18.6736144,
      45.5627858
     ],
     [
      18.6735859,
      45.5628157
     ]
    ]
   }
  },
  {
   "type": "Feature",
   "properties": {
    "segment_id": "OS-Z1-M021",
    "name": "Ulica Bartula Kašića",
    "segment_from": "",
    "segment_to": "",
    "location_type": "street_segment",
    "zone": "1",
    "municipal_status": "PAID",
    "hourly_price_eur": 1.0,
    "max_hours_per_day": "",
    "active_from": "2026-09-30",
    "currently_active": "YES",
    "weekday_hours": "07:00-21:00",
    "saturday_hours": "07:00-15:00",
    "sunday_holidays": "FREE",
    "grace_minutes": 15,
    "sms_number": "708311",
    "special_rule": "",
    "geometry_status": "MAPPED",
    "source_url": "https://web.gpp-osijek.com/parking/",
    "source_type": "OFFICIAL",
    "verified": "YES",
    "notes": "",
    "geometry_source": "OpenStreetMap (Overpass API) queried 2026-09-30",
    "geometry_method": "OSM road clipped to the stretch coloured on GPP map \"Sve zone parkiranja\" (georeferenced)"
   },
   "geometry": {
    "type": "LineString",
    "coordinates": [
     [
      18.6857234,
      45.5535542
     ],
     [
      18.6863245,
      45.5535942
     ]
    ]
   }
  },
  {
   "type": "Feature",
   "properties": {
    "segment_id": "OS-Z1-M022",
    "name": "Ulica Christiana Monspergera",
    "segment_from": "",
    "segment_to": "",
    "location_type": "street_segment",
    "zone": "1",
    "municipal_status": "PAID",
    "hourly_price_eur": 1.0,
    "max_hours_per_day": "",
    "active_from": "2026-09-30",
    "currently_active": "YES",
    "weekday_hours": "07:00-21:00",
    "saturday_hours": "07:00-15:00",
    "sunday_holidays": "FREE",
    "grace_minutes": 15,
    "sms_number": "708311",
    "special_rule": "",
    "geometry_status": "MAPPED",
    "source_url": "https://web.gpp-osijek.com/parking/",
    "source_type": "OFFICIAL",
    "verified": "YES",
    "notes": "",
    "geometry_source": "OpenStreetMap (Overpass API) queried 2026-09-30",
    "geometry_method": "OSM road clipped to the stretch coloured on GPP map \"Sve zone parkiranja\" (georeferenced)"
   },
   "geometry": {
    "type": "LineString",
    "coordinates": [
     [
      18.7108294,
      45.5575403
     ],
     [
      18.7109374,
      45.5577511
     ],
     [
      18.7109417,
      45.5579758
     ],
     [
      18.7108732,
      45.5582302
     ],
     [
      18.7108174,
      45.5582868
     ]
    ]
   }
  },
  {
   "type": "Feature",
   "properties": {
    "segment_id": "OS-Z1-M023",
    "name": "Ulica Dragutina Neumana",
    "segment_from": "",
    "segment_to": "",
    "location_type": "street_segment",
    "zone": "1",
    "municipal_status": "PAID",
    "hourly_price_eur": 1.0,
    "max_hours_per_day": "",
    "active_from": "2026-09-30",
    "currently_active": "YES",
    "weekday_hours": "07:00-21:00",
    "saturday_hours": "07:00-15:00",
    "sunday_holidays": "FREE",
    "grace_minutes": 15,
    "sms_number": "708311",
    "special_rule": "",
    "geometry_status": "MAPPED",
    "source_url": "https://web.gpp-osijek.com/parking/",
    "source_type": "OFFICIAL",
    "verified": "YES",
    "notes": "",
    "geometry_source": "OpenStreetMap (Overpass API) queried 2026-09-30",
    "geometry_method": "OSM road clipped to the stretch coloured on GPP map \"Sve zone parkiranja\" (georeferenced)"
   },
   "geometry": {
    "type": "LineString",
    "coordinates": [
     [
      18.6842016,
      45.5596563
     ],
     [
      18.6841134,
      45.5604971
     ],
     [
      18.6841386,
      45.5606254
     ]
    ]
   }
  },
  {
   "type": "Feature",
   "properties": {
    "segment_id": "OS-Z1-M024",
    "name": "Ulica Franje Mückea",
    "segment_from": "",
    "segment_to": "",
    "location_type": "street_segment",
    "zone": "1",
    "municipal_status": "PAID",
    "hourly_price_eur": 1.0,
    "max_hours_per_day": "",
    "active_from": "2026-09-30",
    "currently_active": "YES",
    "weekday_hours": "07:00-21:00",
    "saturday_hours": "07:00-15:00",
    "sunday_holidays": "FREE",
    "grace_minutes": 15,
    "sms_number": "708311",
    "special_rule": "",
    "geometry_status": "MAPPED",
    "source_url": "https://web.gpp-osijek.com/parking/",
    "source_type": "OFFICIAL",
    "verified": "YES",
    "notes": "",
    "geometry_source": "OpenStreetMap (Overpass API) queried 2026-09-30",
    "geometry_method": "OSM road clipped to the stretch coloured on GPP map \"Sve zone parkiranja\" (georeferenced)"
   },
   "geometry": {
    "type": "LineString",
    "coordinates": [
     [
      18.7108174,
      45.5582868
     ],
     [
      18.7107632,
      45.5582992
     ],
     [
      18.7106566,
      45.5582941
     ],
     [
      18.709039,
      45.558011
     ]
    ]
   }
  },
  {
   "type": "Feature",
   "properties": {
    "segment_id": "OS-Z1-M025",
    "name": "Ulica Hrvatske Republike",
    "segment_from": "",
    "segment_to": "",
    "location_type": "street_segment",
    "zone": "1",
    "municipal_status": "PAID",
    "hourly_price_eur": 1.0,
    "max_hours_per_day": "",
    "active_from": "2026-09-30",
    "currently_active": "YES",
    "weekday_hours": "07:00-21:00",
    "saturday_hours": "07:00-15:00",
    "sunday_holidays": "FREE",
    "grace_minutes": 15,
    "sms_number": "708311",
    "special_rule": "",
    "geometry_status": "MAPPED",
    "source_url": "https://web.gpp-osijek.com/parking/",
    "source_type": "OFFICIAL",
    "verified": "YES",
    "notes": "",
    "geometry_source": "OpenStreetMap (Overpass API) queried 2026-09-30",
    "geometry_method": "OSM road clipped to the stretch coloured on GPP map \"Sve zone parkiranja\" (georeferenced)"
   },
   "geometry": {
    "type": "LineString",
    "coordinates": [
     [
      18.6806577,
      45.5572756
     ],
     [
      18.6805765,
      45.5573752
     ],
     [
      18.6804558,
      45.5574499
     ],
     [
      18.6803697,
      45.5574809
     ],
     [
      18.6801857,
      45.557503
     ],
     [
      18.6798325,
      45.5575009
     ],
     [
      18.6797676,
      45.5575167
     ],
     [
      18.6797306,
      45.557866
     ],
     [
      18.6797696,
      45.5579004
     ],
     [
      18.679891,
      45.5579087
     ],
     [
      18.6799344,
      45.557931
     ],
     [
      18.6799528,
      45.5581462
     ]
    ]
   }
  },
  {
   "type": "Feature",
   "properties": {
    "segment_id": "OS-Z1-M026",
    "name": "Ulica Ivana Gundulića",
    "segment_from": "",
    "segment_to": "",
    "location_type": "street_segment",
    "zone": "1",
    "municipal_status": "PAID",
    "hourly_price_eur": 1.0,
    "max_hours_per_day": "",
    "active_from": "2026-09-30",
    "currently_active": "YES",
    "weekday_hours": "07:00-21:00",
    "saturday_hours": "07:00-15:00",
    "sunday_holidays": "FREE",
    "grace_minutes": 15,
    "sms_number": "708311",
    "special_rule": "",
    "geometry_status": "MAPPED",
    "source_url": "https://web.gpp-osijek.com/parking/",
    "source_type": "OFFICIAL",
    "verified": "YES",
    "notes": "",
    "geometry_source": "OpenStreetMap (Overpass API) queried 2026-09-30",
    "geometry_method": "OSM road clipped to the stretch coloured on GPP map \"Sve zone parkiranja\" (georeferenced)"
   },
   "geometry": {
    "type": "MultiLineString",
    "coordinates": [
     [
      [
       18.6850431,
       45.55633
      ],
      [
       18.6838064,
       45.5562713
      ]
     ],
     [
      [
       18.6824894,
       45.5562182
      ],
      [
       18.6819107,
       45.5562045
      ]
     ],
     [
      [
       18.6786894,
       45.5561324
      ],
      [
       18.6775513,
       45.5561081
      ]
     ],
     [
      [
       18.6740206,
       45.556041
      ],
      [
       18.6753991,
       45.5560585
      ]
     ],
     [
      [
       18.6722472,
       45.5560416
      ],
      [
       18.6731584,
       45.556046
      ]
     ],
     [
      [
       18.676646,
       45.5560888
      ],
      [
       18.6758168,
       45.5560677
      ]
     ],
     [
      [
       18.6731584,
       45.556046
      ],
      [
       18.6740206,
       45.556041
      ]
     ],
     [
      [
       18.6775513,
       45.5561081
      ],
      [
       18.676646,
       45.5560888
      ]
     ],
     [
      [
       18.6809679,
       45.5561805
      ],
      [
       18.679778,
       45.5561556
      ]
     ],
     [
      [
       18.679778,
       45.5561556
      ],
      [
       18.6786894,
       45.5561324
      ]
     ],
     [
      [
       18.6819107,
       45.5562045
      ],
      [
       18.6809679,
       45.5561805
      ]
     ],
     [
      [
       18.6838064,
       45.5562713
      ],
      [
       18.6828758,
       45.5562282
      ]
     ],
     [
      [
       18.6860615,
       45.5563869
      ],
      [
       18.6850431,
       45.55633
      ]
     ],
     [
      [
       18.6809306,
       45.5565009
      ],
      [
       18.6808728,
       45.5567109
      ],
      [
       18.680748,
       45.5570257
      ]
     ]
    ]
   }
  },
  {
   "type": "Feature",
   "properties": {
    "segment_id": "OS-Z1-M027",
    "name": "Ulica Josipa Huttlera",
    "segment_from": "",
    "segment_to": "",
    "location_type": "street_segment",
    "zone": "1",
    "municipal_status": "PAID",
    "hourly_price_eur": 1.0,
    "max_hours_per_day": "",
    "active_from": "2026-09-30",
    "currently_active": "YES",
    "weekday_hours": "07:00-21:00",
    "saturday_hours": "07:00-15:00",
    "sunday_holidays": "FREE",
    "grace_minutes": 15,
    "sms_number": "708311",
    "special_rule": "",
    "geometry_status": "MAPPED",
    "source_url": "https://web.gpp-osijek.com/parking/",
    "source_type": "OFFICIAL",
    "verified": "YES",
    "notes": "",
    "geometry_source": "OpenStreetMap (Overpass API) queried 2026-09-30",
    "geometry_method": "OSM road clipped to the stretch coloured on GPP map \"Sve zone parkiranja\" (georeferenced)"
   },
   "geometry": {
    "type": "LineString",
    "coordinates": [
     [
      18.7157268,
      45.5572475
     ],
     [
      18.7158227,
      45.5586262
     ]
    ]
   }
  },
  {
   "type": "Feature",
   "properties": {
    "segment_id": "OS-Z1-M028",
    "name": "Ulica Josipa Jurja Strossmayera",
    "segment_from": "",
    "segment_to": "",
    "location_type": "street_segment",
    "zone": "1",
    "municipal_status": "PAID",
    "hourly_price_eur": 1.0,
    "max_hours_per_day": "",
    "active_from": "2026-09-30",
    "currently_active": "YES",
    "weekday_hours": "07:00-21:00",
    "saturday_hours": "07:00-15:00",
    "sunday_holidays": "FREE",
    "grace_minutes": 15,
    "sms_number": "708311",
    "special_rule": "",
    "geometry_status": "MAPPED",
    "source_url": "https://web.gpp-osijek.com/parking/",
    "source_type": "OFFICIAL",
    "verified": "YES",
    "notes": "",
    "geometry_source": "OpenStreetMap (Overpass API) queried 2026-09-30",
    "geometry_method": "OSM road clipped to the stretch coloured on GPP map \"Sve zone parkiranja\" (georeferenced)"
   },
   "geometry": {
    "type": "MultiLineString",
    "coordinates": [
     [
      [
       18.6740637,
       45.5626261
      ],
      [
       18.6724487,
       45.5632584
      ],
      [
       18.6722665,
       45.5633003
      ]
     ],
     [
      [
       18.6722441,
       45.5632873
      ],
      [
       18.6723943,
       45.5631976
      ],
      [
       18.674012,
       45.5625629
      ]
     ]
    ]
   }
  },
  {
   "type": "Feature",
   "properties": {
    "segment_id": "OS-Z1-M029",
    "name": "Ulica Kardinala Alojzija Stepinca",
    "segment_from": "",
    "segment_to": "",
    "location_type": "street_segment",
    "zone": "1",
    "municipal_status": "PAID",
    "hourly_price_eur": 1.0,
    "max_hours_per_day": "",
    "active_from": "2026-09-30",
    "currently_active": "YES",
    "weekday_hours": "07:00-21:00",
    "saturday_hours": "07:00-15:00",
    "sunday_holidays": "FREE",
    "grace_minutes": 15,
    "sms_number": "708311",
    "special_rule": "",
    "geometry_status": "MAPPED",
    "source_url": "https://web.gpp-osijek.com/parking/",
    "source_type": "OFFICIAL",
    "verified": "YES",
    "notes": "",
    "geometry_source": "OpenStreetMap (Overpass API) queried 2026-09-30",
    "geometry_method": "OSM road clipped to the stretch coloured on GPP map \"Sve zone parkiranja\" (georeferenced)"
   },
   "geometry": {
    "type": "LineString",
    "coordinates": [
     [
      18.6860615,
      45.5563869
     ],
     [
      18.6860144,
      45.5568142
     ]
    ]
   }
  },
  {
   "type": "Feature",
   "properties": {
    "segment_id": "OS-Z1-M030",
    "name": "Ulica Stjepana Radića",
    "segment_from": "",
    "segment_to": "",
    "location_type": "street_segment",
    "zone": "1",
    "municipal_status": "PAID",
    "hourly_price_eur": 1.0,
    "max_hours_per_day": "",
    "active_from": "2026-09-30",
    "currently_active": "YES",
    "weekday_hours": "07:00-21:00",
    "saturday_hours": "07:00-15:00",
    "sunday_holidays": "FREE",
    "grace_minutes": 15,
    "sms_number": "708311",
    "special_rule": "",
    "geometry_status": "MAPPED",
    "source_url": "https://web.gpp-osijek.com/parking/",
    "source_type": "OFFICIAL",
    "verified": "YES",
    "notes": "",
    "geometry_source": "OpenStreetMap (Overpass API) queried 2026-09-30",
    "geometry_method": "OSM road clipped to the stretch coloured on GPP map \"Sve zone parkiranja\" (georeferenced)"
   },
   "geometry": {
    "type": "MultiLineString",
    "coordinates": [
     [
      [
       18.6827177,
       45.557598
      ],
      [
       18.6826712,
       45.5580428
      ]
     ],
     [
      [
       18.6829604,
       45.5552633
      ],
      [
       18.6828758,
       45.5562282
      ]
     ]
    ]
   }
  },
  {
   "type": "Feature",
   "properties": {
    "segment_id": "OS-Z1-M031",
    "name": "Ulica kardinala Alojzija Stepinca",
    "segment_from": "",
    "segment_to": "",
    "location_type": "street_segment",
    "zone": "1",
    "municipal_status": "PAID",
    "hourly_price_eur": 1.0,
    "max_hours_per_day": "",
    "active_from": "2026-09-30",
    "currently_active": "YES",
    "weekday_hours": "07:00-21:00",
    "saturday_hours": "07:00-15:00",
    "sunday_holidays": "FREE",
    "grace_minutes": 15,
    "sms_number": "708311",
    "special_rule": "",
    "geometry_status": "MAPPED",
    "source_url": "https://web.gpp-osijek.com/parking/",
    "source_type": "OFFICIAL",
    "verified": "YES",
    "notes": "",
    "geometry_source": "OpenStreetMap (Overpass API) queried 2026-09-30",
    "geometry_method": "OSM road clipped to the stretch coloured on GPP map \"Sve zone parkiranja\" (georeferenced)"
   },
   "geometry": {
    "type": "MultiLineString",
    "coordinates": [
     [
      [
       18.6863215,
       45.5536432
      ],
      [
       18.6862406,
       45.55445
      ]
     ],
     [
      [
       18.6862147,
       45.5547243
      ],
      [
       18.6860615,
       45.5563869
      ]
     ],
     [
      [
       18.6855167,
       45.5615185
      ],
      [
       18.6856043,
       45.5606682
      ]
     ],
     [
      [
       18.685672,
       45.560025
      ],
      [
       18.6859095,
       45.5579075
      ]
     ],
     [
      [
       18.6859405,
       45.5576016
      ],
      [
       18.6859717,
       45.5572321
      ]
     ],
     [
      [
       18.6854727,
       45.5619704
      ],
      [
       18.6855167,
       45.5615185
      ]
     ]
    ]
   }
  },
  {
   "type": "Feature",
   "properties": {
    "segment_id": "OS-Z1-M032",
    "name": "Vukovarska cesta",
    "segment_from": "",
    "segment_to": "",
    "location_type": "street_segment",
    "zone": "1",
    "municipal_status": "PAID",
    "hourly_price_eur": 1.0,
    "max_hours_per_day": "",
    "active_from": "2026-09-30",
    "currently_active": "YES",
    "weekday_hours": "07:00-21:00",
    "saturday_hours": "07:00-15:00",
    "sunday_holidays": "FREE",
    "grace_minutes": 15,
    "sms_number": "708311",
    "special_rule": "",
    "geometry_status": "MAPPED",
    "source_url": "https://web.gpp-osijek.com/parking/",
    "source_type": "OFFICIAL",
    "verified": "YES",
    "notes": "",
    "geometry_source": "OpenStreetMap (Overpass API) queried 2026-09-30",
    "geometry_method": "OSM road clipped to the stretch coloured on GPP map \"Sve zone parkiranja\" (georeferenced)"
   },
   "geometry": {
    "type": "LineString",
    "coordinates": [
     [
      18.6859802,
      45.5571682
     ],
     [
      18.6845197,
      45.5575283
     ]
    ]
   }
  },
  {
   "type": "Feature",
   "properties": {
    "segment_id": "OS-Z1-M033",
    "name": "Zadarska ulica",
    "segment_from": "",
    "segment_to": "",
    "location_type": "street_segment",
    "zone": "1",
    "municipal_status": "PAID",
    "hourly_price_eur": 1.0,
    "max_hours_per_day": "",
    "active_from": "2026-09-30",
    "currently_active": "YES",
    "weekday_hours": "07:00-21:00",
    "saturday_hours": "07:00-15:00",
    "sunday_holidays": "FREE",
    "grace_minutes": 15,
    "sms_number": "708311",
    "special_rule": "",
    "geometry_status": "MAPPED",
    "source_url": "https://web.gpp-osijek.com/parking/",
    "source_type": "OFFICIAL",
    "verified": "YES",
    "notes": "",
    "geometry_source": "OpenStreetMap (Overpass API) queried 2026-09-30",
    "geometry_method": "OSM road clipped to the stretch coloured on GPP map \"Sve zone parkiranja\" (georeferenced)"
   },
   "geometry": {
    "type": "MultiLineString",
    "coordinates": [
     [
      [
       18.6740311,
       45.560151
      ],
      [
       18.673946,
       45.5597452
      ]
     ],
     [
      [
       18.6736482,
       45.5582878
      ],
      [
       18.6735417,
       45.5577298
      ]
     ]
    ]
   }
  },
  {
   "type": "Feature",
   "properties": {
    "segment_id": "OS-Z1-M034",
    "name": "Zrinjevac",
    "segment_from": "",
    "segment_to": "",
    "location_type": "street_segment",
    "zone": "1",
    "municipal_status": "PAID",
    "hourly_price_eur": 1.0,
    "max_hours_per_day": "",
    "active_from": "2026-09-30",
    "currently_active": "YES",
    "weekday_hours": "07:00-21:00",
    "saturday_hours": "07:00-15:00",
    "sunday_holidays": "FREE",
    "grace_minutes": 15,
    "sms_number": "708311",
    "special_rule": "",
    "geometry_status": "MAPPED",
    "source_url": "https://web.gpp-osijek.com/parking/",
    "source_type": "OFFICIAL",
    "verified": "YES",
    "notes": "",
    "geometry_source": "OpenStreetMap (Overpass API) queried 2026-09-30",
    "geometry_method": "OSM road clipped to the stretch coloured on GPP map \"Sve zone parkiranja\" (georeferenced)"
   },
   "geometry": {
    "type": "MultiLineString",
    "coordinates": [
     [
      [
       18.6786894,
       45.5561324
      ],
      [
       18.6787446,
       45.554766
      ]
     ],
     [
      [
       18.6810268,
       45.5547456
      ],
      [
       18.6809711,
       45.5561478
      ]
     ]
    ]
   }
  },
  {
   "type": "Feature",
   "properties": {
    "segment_id": "OS-Z1-M035",
    "name": "Šetalište kardinala Franje Šepera",
    "segment_from": "",
    "segment_to": "",
    "location_type": "street_segment",
    "zone": "1",
    "municipal_status": "PAID",
    "hourly_price_eur": 1.0,
    "max_hours_per_day": "",
    "active_from": "2026-09-30",
    "currently_active": "YES",
    "weekday_hours": "07:00-21:00",
    "saturday_hours": "07:00-15:00",
    "sunday_holidays": "FREE",
    "grace_minutes": 15,
    "sms_number": "708311",
    "special_rule": "",
    "geometry_status": "MAPPED",
    "source_url": "https://web.gpp-osijek.com/parking/",
    "source_type": "OFFICIAL",
    "verified": "YES",
    "notes": "",
    "geometry_source": "OpenStreetMap (Overpass API) queried 2026-09-30",
    "geometry_method": "OSM road clipped to the stretch coloured on GPP map \"Sve zone parkiranja\" (georeferenced)"
   },
   "geometry": {
    "type": "LineString",
    "coordinates": [
     [
      18.6854727,
      45.5619704
     ],
     [
      18.6825077,
      45.5616269
     ]
    ]
   }
  },
  {
   "type": "Feature",
   "properties": {
    "segment_id": "OS-Z1-M036",
    "name": "Županijska ulica",
    "segment_from": "",
    "segment_to": "",
    "location_type": "street_segment",
    "zone": "1",
    "municipal_status": "PAID",
    "hourly_price_eur": 1.0,
    "max_hours_per_day": "",
    "active_from": "2026-09-30",
    "currently_active": "YES",
    "weekday_hours": "07:00-21:00",
    "saturday_hours": "07:00-15:00",
    "sunday_holidays": "FREE",
    "grace_minutes": 15,
    "sms_number": "708311",
    "special_rule": "",
    "geometry_status": "MAPPED",
    "source_url": "https://web.gpp-osijek.com/parking/",
    "source_type": "OFFICIAL",
    "verified": "YES",
    "notes": "",
    "geometry_source": "OpenStreetMap (Overpass API) queried 2026-09-30",
    "geometry_method": "OSM road clipped to the stretch coloured on GPP map \"Sve zone parkiranja\" (georeferenced)"
   },
   "geometry": {
    "type": "MultiLineString",
    "coordinates": [
     [
      [
       18.6755565,
       45.5564775
      ],
      [
       18.6756415,
       45.556886
      ]
     ],
     [
      [
       18.6753515,
       45.5553518
      ],
      [
       18.6754724,
       45.556059
      ]
     ]
    ]
   }
  },
  {
   "type": "Feature",
   "properties": {
    "segment_id": "OS-Z2-M001",
    "name": "Crkvena ulica",
    "segment_from": "",
    "segment_to": "",
    "location_type": "street_segment",
    "zone": "2",
    "municipal_status": "PAID",
    "hourly_price_eur": 0.6,
    "max_hours_per_day": "",
    "active_from": "2026-11-09",
    "currently_active": "NO",
    "weekday_hours": "07:00-21:00",
    "saturday_hours": "07:00-15:00",
    "sunday_holidays": "FREE",
    "grace_minutes": 15,
    "sms_number": "",
    "special_rule": "",
    "geometry_status": "MAPPED",
    "source_url": "https://web.gpp-osijek.com/parking/",
    "source_type": "OFFICIAL",
    "verified": "YES",
    "notes": "Grad Osijek najavio je naplatu u II. zoni oko 9. studenoga 2026.",
    "geometry_source": "OpenStreetMap (Overpass API) queried 2026-09-30",
    "geometry_method": "OSM road clipped to the stretch coloured on GPP map \"Sve zone parkiranja\" (georeferenced)"
   },
   "geometry": {
    "type": "LineString",
    "coordinates": [
     [
      18.7189755,
      45.5588474
     ],
     [
      18.7169586,
      45.558779
     ]
    ]
   }
  },
  {
   "type": "Feature",
   "properties": {
    "segment_id": "OS-Z2-M002",
    "name": "Cvjetkova ulica",
    "segment_from": "",
    "segment_to": "",
    "location_type": "street_segment",
    "zone": "2",
    "municipal_status": "PAID",
    "hourly_price_eur": 0.6,
    "max_hours_per_day": "",
    "active_from": "2026-11-09",
    "currently_active": "NO",
    "weekday_hours": "07:00-21:00",
    "saturday_hours": "07:00-15:00",
    "sunday_holidays": "FREE",
    "grace_minutes": 15,
    "sms_number": "",
    "special_rule": "",
    "geometry_status": "MAPPED",
    "source_url": "https://web.gpp-osijek.com/parking/",
    "source_type": "OFFICIAL",
    "verified": "YES",
    "notes": "Grad Osijek najavio je naplatu u II. zoni oko 9. studenoga 2026.",
    "geometry_source": "OpenStreetMap (Overpass API) queried 2026-09-30",
    "geometry_method": "OSM road clipped to the stretch coloured on GPP map \"Sve zone parkiranja\" (georeferenced)"
   },
   "geometry": {
    "type": "MultiLineString",
    "coordinates": [
     [
      [
       18.7214221,
       45.553113
      ],
      [
       18.7218062,
       45.5543329
      ]
     ],
     [
      [
       18.7219113,
       45.5546448
      ],
      [
       18.7219094,
       45.5547615
      ],
      [
       18.7214989,
       45.5571821
      ]
     ],
     [
      [
       18.7214575,
       45.5574528
      ],
      [
       18.7212407,
       45.5587241
      ]
     ]
    ]
   }
  },
  {
   "type": "Feature",
   "properties": {
    "segment_id": "OS-Z2-M003",
    "name": "Donjodravska obala",
    "segment_from": "",
    "segment_to": "",
    "location_type": "street_segment",
    "zone": "2",
    "municipal_status": "PAID",
    "hourly_price_eur": 0.6,
    "max_hours_per_day": "",
    "active_from": "2026-11-09",
    "currently_active": "NO",
    "weekday_hours": "07:00-21:00",
    "saturday_hours": "07:00-15:00",
    "sunday_holidays": "FREE",
    "grace_minutes": 15,
    "sms_number": "",
    "special_rule": "",
    "geometry_status": "MAPPED",
    "source_url": "https://web.gpp-osijek.com/parking/",
    "source_type": "OFFICIAL",
    "verified": "YES",
    "notes": "Grad Osijek najavio je naplatu u II. zoni oko 9. studenoga 2026.",
    "geometry_source": "OpenStreetMap (Overpass API) queried 2026-09-30",
    "geometry_method": "OSM road clipped to the stretch coloured on GPP map \"Sve zone parkiranja\" (georeferenced)"
   },
   "geometry": {
    "type": "LineString",
    "coordinates": [
     [
      18.7182034,
      45.5608754
     ],
     [
      18.7183858,
      45.5608521
     ],
     [
      18.718497,
      45.5608177
     ],
     [
      18.7190079,
      45.5605259
     ]
    ]
   }
  },
  {
   "type": "Feature",
   "properties": {
    "segment_id": "OS-Z2-M004",
    "name": "Dubrovačka ulica",
    "segment_from": "",
    "segment_to": "",
    "location_type": "street_segment",
    "zone": "2",
    "municipal_status": "PAID",
    "hourly_price_eur": 0.6,
    "max_hours_per_day": "",
    "active_from": "2026-11-09",
    "currently_active": "NO",
    "weekday_hours": "07:00-21:00",
    "saturday_hours": "07:00-15:00",
    "sunday_holidays": "FREE",
    "grace_minutes": 15,
    "sms_number": "",
    "special_rule": "",
    "geometry_status": "MAPPED",
    "source_url": "https://web.gpp-osijek.com/parking/",
    "source_type": "OFFICIAL",
    "verified": "YES",
    "notes": "Grad Osijek najavio je naplatu u II. zoni oko 9. studenoga 2026.",
    "geometry_source": "OpenStreetMap (Overpass API) queried 2026-09-30",
    "geometry_method": "OSM road clipped to the stretch coloured on GPP map \"Sve zone parkiranja\" (georeferenced)"
   },
   "geometry": {
    "type": "MultiLineString",
    "coordinates": [
     [
      [
       18.6705351,
       45.5597266
      ],
      [
       18.6702274,
       45.5583401
      ],
      [
       18.6699669,
       45.5575667
      ],
      [
       18.6696656,
       45.5568232
      ]
     ],
     [
      [
       18.6696656,
       45.5568232
      ],
      [
       18.6693665,
       45.5559918
      ]
     ],
     [
      [
       18.6711793,
       45.5621443
      ],
      [
       18.6710558,
       45.5616943
      ]
     ]
    ]
   }
  },
  {
   "type": "Feature",
   "properties": {
    "segment_id": "OS-Z2-M005",
    "name": "Gornjodravska obala",
    "segment_from": "",
    "segment_to": "",
    "location_type": "street_segment",
    "zone": "2",
    "municipal_status": "PAID",
    "hourly_price_eur": 0.6,
    "max_hours_per_day": "",
    "active_from": "2026-11-09",
    "currently_active": "NO",
    "weekday_hours": "07:00-21:00",
    "saturday_hours": "07:00-15:00",
    "sunday_holidays": "FREE",
    "grace_minutes": 15,
    "sms_number": "",
    "special_rule": "",
    "geometry_status": "MAPPED",
    "source_url": "https://web.gpp-osijek.com/parking/",
    "source_type": "OFFICIAL",
    "verified": "YES",
    "notes": "Grad Osijek najavio je naplatu u II. zoni oko 9. studenoga 2026.",
    "geometry_source": "OpenStreetMap (Overpass API) queried 2026-09-30",
    "geometry_method": "OSM road clipped to the stretch coloured on GPP map \"Sve zone parkiranja\" (georeferenced)"
   },
   "geometry": {
    "type": "LineString",
    "coordinates": [
     [
      18.6710654,
      45.5647431
     ],
     [
      18.6719154,
      45.5644967
     ]
    ]
   }
  },
  {
   "type": "Feature",
   "properties": {
    "segment_id": "OS-Z2-M006",
    "name": "Ilirska ulica",
    "segment_from": "",
    "segment_to": "",
    "location_type": "street_segment",
    "zone": "2",
    "municipal_status": "PAID",
    "hourly_price_eur": 0.6,
    "max_hours_per_day": "",
    "active_from": "2026-11-09",
    "currently_active": "NO",
    "weekday_hours": "07:00-21:00",
    "saturday_hours": "07:00-15:00",
    "sunday_holidays": "FREE",
    "grace_minutes": 15,
    "sms_number": "",
    "special_rule": "",
    "geometry_status": "MAPPED",
    "source_url": "https://web.gpp-osijek.com/parking/",
    "source_type": "OFFICIAL",
    "verified": "YES",
    "notes": "Grad Osijek najavio je naplatu u II. zoni oko 9. studenoga 2026.",
    "geometry_source": "OpenStreetMap (Overpass API) queried 2026-09-30",
    "geometry_method": "OSM road clipped to the stretch coloured on GPP map \"Sve zone parkiranja\" (georeferenced)"
   },
   "geometry": {
    "type": "LineString",
    "coordinates": [
     [
      18.6705645,
      45.5598599
     ],
     [
      18.668878,
      45.5602816
     ]
    ]
   }
  },
  {
   "type": "Feature",
   "properties": {
    "segment_id": "OS-Z2-M007",
    "name": "Intrazonska cesta",
    "segment_from": "",
    "segment_to": "",
    "location_type": "street_segment",
    "zone": "2",
    "municipal_status": "PAID",
    "hourly_price_eur": 0.6,
    "max_hours_per_day": "",
    "active_from": "2026-11-09",
    "currently_active": "NO",
    "weekday_hours": "07:00-21:00",
    "saturday_hours": "07:00-15:00",
    "sunday_holidays": "FREE",
    "grace_minutes": 15,
    "sms_number": "",
    "special_rule": "",
    "geometry_status": "MAPPED",
    "source_url": "https://web.gpp-osijek.com/parking/",
    "source_type": "OFFICIAL",
    "verified": "YES",
    "notes": "Grad Osijek najavio je naplatu u II. zoni oko 9. studenoga 2026.",
    "geometry_source": "OpenStreetMap (Overpass API) queried 2026-09-30",
    "geometry_method": "OSM road clipped to the stretch coloured on GPP map \"Sve zone parkiranja\" (georeferenced)"
   },
   "geometry": {
    "type": "LineString",
    "coordinates": [
     [
      18.6742821,
      45.5519243
     ],
     [
      18.6750729,
      45.5520171
     ],
     [
      18.6755721,
      45.5521125
     ]
    ]
   }
  },
  {
   "type": "Feature",
   "properties": {
    "segment_id": "OS-Z2-M008",
    "name": "Istarska ulica",
    "segment_from": "",
    "segment_to": "",
    "location_type": "street_segment",
    "zone": "2",
    "municipal_status": "PAID",
    "hourly_price_eur": 0.6,
    "max_hours_per_day": "",
    "active_from": "2026-11-09",
    "currently_active": "NO",
    "weekday_hours": "07:00-21:00",
    "saturday_hours": "07:00-15:00",
    "sunday_holidays": "FREE",
    "grace_minutes": 15,
    "sms_number": "",
    "special_rule": "",
    "geometry_status": "MAPPED",
    "source_url": "https://web.gpp-osijek.com/parking/",
    "source_type": "OFFICIAL",
    "verified": "YES",
    "notes": "Grad Osijek najavio je naplatu u II. zoni oko 9. studenoga 2026.",
    "geometry_source": "OpenStreetMap (Overpass API) queried 2026-09-30",
    "geometry_method": "OSM road clipped to the stretch coloured on GPP map \"Sve zone parkiranja\" (georeferenced)"
   },
   "geometry": {
    "type": "MultiLineString",
    "coordinates": [
     [
      [
       18.6927793,
       45.5540306
      ],
      [
       18.6927852,
       45.5540699
      ],
      [
       18.6933235,
       45.5550809
      ]
     ],
     [
      [
       18.6937819,
       45.5564631
      ],
      [
       18.6935971,
       45.555881
      ]
     ],
     [
      [
       18.6939466,
       45.5569329
      ],
      [
       18.6937819,
       45.5564631
      ]
     ],
     [
      [
       18.6941828,
       45.5576079
      ],
      [
       18.6939466,
       45.5569329
      ]
     ]
    ]
   }
  },
  {
   "type": "Feature",
   "properties": {
    "segment_id": "OS-Z2-M009",
    "name": "Ivanin trg",
    "segment_from": "",
    "segment_to": "",
    "location_type": "street_segment",
    "zone": "2",
    "municipal_status": "PAID",
    "hourly_price_eur": 0.6,
    "max_hours_per_day": "",
    "active_from": "2026-11-09",
    "currently_active": "NO",
    "weekday_hours": "07:00-21:00",
    "saturday_hours": "07:00-15:00",
    "sunday_holidays": "FREE",
    "grace_minutes": 15,
    "sms_number": "",
    "special_rule": "",
    "geometry_status": "MAPPED",
    "source_url": "https://web.gpp-osijek.com/parking/",
    "source_type": "OFFICIAL",
    "verified": "YES",
    "notes": "Grad Osijek najavio je naplatu u II. zoni oko 9. studenoga 2026.",
    "geometry_source": "OpenStreetMap (Overpass API) queried 2026-09-30",
    "geometry_method": "OSM road clipped to the stretch coloured on GPP map \"Sve zone parkiranja\" (georeferenced)"
   },
   "geometry": {
    "type": "LineString",
    "coordinates": [
     [
      18.6975903,
      45.5560458
     ],
     [
      18.6976138,
      45.5562115
     ],
     [
      18.6974433,
      45.5562162
     ],
     [
      18.6974031,
      45.5556268
     ],
     [
      18.6976268,
      45.5556185
     ],
     [
      18.6976444,
      45.5559117
     ],
     [
      18.6980062,
      45.5559008
     ]
    ]
   }
  },
  {
   "type": "Feature",
   "properties": {
    "segment_id": "OS-Z2-M010",
    "name": "Krajna ulica",
    "segment_from": "",
    "segment_to": "",
    "location_type": "street_segment",
    "zone": "2",
    "municipal_status": "PAID",
    "hourly_price_eur": 0.6,
    "max_hours_per_day": "",
    "active_from": "2026-11-09",
    "currently_active": "NO",
    "weekday_hours": "07:00-21:00",
    "saturday_hours": "07:00-15:00",
    "sunday_holidays": "FREE",
    "grace_minutes": 15,
    "sms_number": "",
    "special_rule": "",
    "geometry_status": "MAPPED",
    "source_url": "https://web.gpp-osijek.com/parking/",
    "source_type": "OFFICIAL",
    "verified": "YES",
    "notes": "Grad Osijek najavio je naplatu u II. zoni oko 9. studenoga 2026.",
    "geometry_source": "OpenStreetMap (Overpass API) queried 2026-09-30",
    "geometry_method": "OSM road clipped to the stretch coloured on GPP map \"Sve zone parkiranja\" (georeferenced)"
   },
   "geometry": {
    "type": "LineString",
    "coordinates": [
     [
      18.6665625,
      45.5563161
     ],
     [
      18.6662714,
      45.55595
     ],
     [
      18.6662593,
      45.5558886
     ]
    ]
   }
  },
  {
   "type": "Feature",
   "properties": {
    "segment_id": "OS-Z2-M011",
    "name": "Krstova ulica",
    "segment_from": "",
    "segment_to": "",
    "location_type": "street_segment",
    "zone": "2",
    "municipal_status": "PAID",
    "hourly_price_eur": 0.6,
    "max_hours_per_day": "",
    "active_from": "2026-11-09",
    "currently_active": "NO",
    "weekday_hours": "07:00-21:00",
    "saturday_hours": "07:00-15:00",
    "sunday_holidays": "FREE",
    "grace_minutes": 15,
    "sms_number": "",
    "special_rule": "",
    "geometry_status": "MAPPED",
    "source_url": "https://web.gpp-osijek.com/parking/",
    "source_type": "OFFICIAL",
    "verified": "YES",
    "notes": "Grad Osijek najavio je naplatu u II. zoni oko 9. studenoga 2026.",
    "geometry_source": "OpenStreetMap (Overpass API) queried 2026-09-30",
    "geometry_method": "OSM road clipped to the stretch coloured on GPP map \"Sve zone parkiranja\" (georeferenced)"
   },
   "geometry": {
    "type": "LineString",
    "coordinates": [
     [
      18.7161163,
      45.5572522
     ],
     [
      18.7188057,
      45.5572851
     ]
    ]
   }
  },
  {
   "type": "Feature",
   "properties": {
    "segment_id": "OS-Z2-M012",
    "name": "Naselje Stanka Vraza",
    "segment_from": "",
    "segment_to": "",
    "location_type": "street_segment",
    "zone": "2",
    "municipal_status": "PAID",
    "hourly_price_eur": 0.6,
    "max_hours_per_day": "",
    "active_from": "2026-11-09",
    "currently_active": "NO",
    "weekday_hours": "07:00-21:00",
    "saturday_hours": "07:00-15:00",
    "sunday_holidays": "FREE",
    "grace_minutes": 15,
    "sms_number": "",
    "special_rule": "",
    "geometry_status": "MAPPED",
    "source_url": "https://web.gpp-osijek.com/parking/",
    "source_type": "OFFICIAL",
    "verified": "YES",
    "notes": "Grad Osijek najavio je naplatu u II. zoni oko 9. studenoga 2026.",
    "geometry_source": "OpenStreetMap (Overpass API) queried 2026-09-30",
    "geometry_method": "OSM road clipped to the stretch coloured on GPP map \"Sve zone parkiranja\" (georeferenced)"
   },
   "geometry": {
    "type": "LineString",
    "coordinates": [
     [
      18.6718536,
      45.5553539
     ],
     [
      18.6700273,
      45.5553722
     ]
    ]
   }
  },
  {
   "type": "Feature",
   "properties": {
    "segment_id": "OS-Z2-M013",
    "name": "Naselje Vladimira Nazora",
    "segment_from": "",
    "segment_to": "",
    "location_type": "street_segment",
    "zone": "2",
    "municipal_status": "PAID",
    "hourly_price_eur": 0.6,
    "max_hours_per_day": "",
    "active_from": "2026-11-09",
    "currently_active": "NO",
    "weekday_hours": "07:00-21:00",
    "saturday_hours": "07:00-15:00",
    "sunday_holidays": "FREE",
    "grace_minutes": 15,
    "sms_number": "",
    "special_rule": "",
    "geometry_status": "MAPPED",
    "source_url": "https://web.gpp-osijek.com/parking/",
    "source_type": "OFFICIAL",
    "verified": "YES",
    "notes": "Grad Osijek najavio je naplatu u II. zoni oko 9. studenoga 2026.",
    "geometry_source": "OpenStreetMap (Overpass API) queried 2026-09-30",
    "geometry_method": "OSM road clipped to the stretch coloured on GPP map \"Sve zone parkiranja\" (georeferenced)"
   },
   "geometry": {
    "type": "LineString",
    "coordinates": [
     [
      18.6624287,
      45.561124
     ],
     [
      18.6630607,
      45.5613051
     ],
     [
      18.6636902,
      45.5612698
     ],
     [
      18.6650525,
      45.561157
     ],
     [
      18.6650844,
      45.5611091
     ],
     [
      18.6653117,
      45.5609628
     ],
     [
      18.6663367,
      45.5608583
     ],
     [
      18.6675931,
      45.5600495
     ]
    ]
   }
  },
  {
   "type": "Feature",
   "properties": {
    "segment_id": "OS-Z2-M014",
    "name": "Park kneza Branimira",
    "segment_from": "",
    "segment_to": "",
    "location_type": "street_segment",
    "zone": "2",
    "municipal_status": "PAID",
    "hourly_price_eur": 0.6,
    "max_hours_per_day": "",
    "active_from": "2026-11-09",
    "currently_active": "NO",
    "weekday_hours": "07:00-21:00",
    "saturday_hours": "07:00-15:00",
    "sunday_holidays": "FREE",
    "grace_minutes": 15,
    "sms_number": "",
    "special_rule": "",
    "geometry_status": "MAPPED",
    "source_url": "https://web.gpp-osijek.com/parking/",
    "source_type": "OFFICIAL",
    "verified": "YES",
    "notes": "Grad Osijek najavio je naplatu u II. zoni oko 9. studenoga 2026.",
    "geometry_source": "OpenStreetMap (Overpass API) queried 2026-09-30",
    "geometry_method": "OSM road clipped to the stretch coloured on GPP map \"Sve zone parkiranja\" (georeferenced)"
   },
   "geometry": {
    "type": "LineString",
    "coordinates": [
     [
      18.689484,
      45.5578953
     ],
     [
      18.6910649,
      45.5576018
     ]
    ]
   }
  },
  {
   "type": "Feature",
   "properties": {
    "segment_id": "OS-Z2-M015",
    "name": "Park kralja Petra Krešimira IV.",
    "segment_from": "",
    "segment_to": "",
    "location_type": "street_segment",
    "zone": "2",
    "municipal_status": "PAID",
    "hourly_price_eur": 0.6,
    "max_hours_per_day": "",
    "active_from": "2026-11-09",
    "currently_active": "NO",
    "weekday_hours": "07:00-21:00",
    "saturday_hours": "07:00-15:00",
    "sunday_holidays": "FREE",
    "grace_minutes": 15,
    "sms_number": "",
    "special_rule": "",
    "geometry_status": "MAPPED",
    "source_url": "https://web.gpp-osijek.com/parking/",
    "source_type": "OFFICIAL",
    "verified": "YES",
    "notes": "Grad Osijek najavio je naplatu u II. zoni oko 9. studenoga 2026.",
    "geometry_source": "OpenStreetMap (Overpass API) queried 2026-09-30",
    "geometry_method": "OSM road clipped to the stretch coloured on GPP map \"Sve zone parkiranja\" (georeferenced)"
   },
   "geometry": {
    "type": "LineString",
    "coordinates": [
     [
      18.6869776,
      45.5600036
     ],
     [
      18.6866469,
      45.5590253
     ],
     [
      18.6866422,
      45.5589416
     ]
    ]
   }
  },
  {
   "type": "Feature",
   "properties": {
    "segment_id": "OS-Z2-M016",
    "name": "Park kraljice Katarine Kosača",
    "segment_from": "",
    "segment_to": "",
    "location_type": "street_segment",
    "zone": "2",
    "municipal_status": "PAID",
    "hourly_price_eur": 0.6,
    "max_hours_per_day": "",
    "active_from": "2026-11-09",
    "currently_active": "NO",
    "weekday_hours": "07:00-21:00",
    "saturday_hours": "07:00-15:00",
    "sunday_holidays": "FREE",
    "grace_minutes": 15,
    "sms_number": "",
    "special_rule": "",
    "geometry_status": "MAPPED",
    "source_url": "https://web.gpp-osijek.com/parking/",
    "source_type": "OFFICIAL",
    "verified": "YES",
    "notes": "Grad Osijek najavio je naplatu u II. zoni oko 9. studenoga 2026.",
    "geometry_source": "OpenStreetMap (Overpass API) queried 2026-09-30",
    "geometry_method": "OSM road clipped to the stretch coloured on GPP map \"Sve zone parkiranja\" (georeferenced)"
   },
   "geometry": {
    "type": "LineString",
    "coordinates": [
     [
      18.7156661,
      45.5560895
     ],
     [
      18.7153878,
      45.5561347
     ],
     [
      18.7146868,
      45.556305
     ]
    ]
   }
  },
  {
   "type": "Feature",
   "properties": {
    "segment_id": "OS-Z2-M017",
    "name": "Parkiralište – Cvjetkova ulica",
    "segment_from": "",
    "segment_to": "",
    "location_type": "street_segment",
    "zone": "2",
    "municipal_status": "PAID",
    "hourly_price_eur": 0.6,
    "max_hours_per_day": "",
    "active_from": "2026-11-09",
    "currently_active": "NO",
    "weekday_hours": "07:00-21:00",
    "saturday_hours": "07:00-15:00",
    "sunday_holidays": "FREE",
    "grace_minutes": 15,
    "sms_number": "",
    "special_rule": "",
    "geometry_status": "MAPPED",
    "source_url": "https://web.gpp-osijek.com/parking/",
    "source_type": "OFFICIAL",
    "verified": "YES",
    "notes": "Grad Osijek najavio je naplatu u II. zoni oko 9. studenoga 2026.",
    "geometry_source": "OpenStreetMap (Overpass API) queried 2026-09-30",
    "geometry_method": "OSM road clipped to the stretch coloured on GPP map \"Sve zone parkiranja\" (georeferenced)"
   },
   "geometry": {
    "type": "LineString",
    "coordinates": [
     [
      18.7215532,
      45.5568018
     ],
     [
      18.7219286,
      45.5568365
     ],
     [
      18.7219841,
      45.5568538
     ],
     [
      18.7220026,
      45.5568991
     ],
     [
      18.721938,
      45.5572613
     ]
    ]
   }
  },
  {
   "type": "Feature",
   "properties": {
    "segment_id": "OS-Z2-M018",
    "name": "Parkiralište – Ivanin trg",
    "segment_from": "",
    "segment_to": "",
    "location_type": "street_segment",
    "zone": "2",
    "municipal_status": "PAID",
    "hourly_price_eur": 0.6,
    "max_hours_per_day": "",
    "active_from": "2026-11-09",
    "currently_active": "NO",
    "weekday_hours": "07:00-21:00",
    "saturday_hours": "07:00-15:00",
    "sunday_holidays": "FREE",
    "grace_minutes": 15,
    "sms_number": "",
    "special_rule": "",
    "geometry_status": "MAPPED",
    "source_url": "https://web.gpp-osijek.com/parking/",
    "source_type": "OFFICIAL",
    "verified": "YES",
    "notes": "Grad Osijek najavio je naplatu u II. zoni oko 9. studenoga 2026.",
    "geometry_source": "OpenStreetMap (Overpass API) queried 2026-09-30",
    "geometry_method": "OSM road clipped to the stretch coloured on GPP map \"Sve zone parkiranja\" (georeferenced)"
   },
   "geometry": {
    "type": "MultiLineString",
    "coordinates": [
     [
      [
       18.6976738,
       45.5556797
      ],
      [
       18.6985542,
       45.5556394
      ],
      [
       18.6986238,
       45.555666
      ]
     ],
     [
      [
       18.6958092,
       45.5552752
      ],
      [
       18.6969798,
       45.5552516
      ],
      [
       18.6970137,
       45.556244
      ]
     ],
     [
      [
       18.6974477,
       45.5564902
      ],
      [
       18.6977695,
       45.5564831
      ],
      [
       18.6977589,
       45.5563434
      ]
     ]
    ]
   }
  },
  {
   "type": "Feature",
   "properties": {
    "segment_id": "OS-Z2-M019",
    "name": "Parkiralište – Naselje Vladimira Nazora",
    "segment_from": "",
    "segment_to": "",
    "location_type": "street_segment",
    "zone": "2",
    "municipal_status": "PAID",
    "hourly_price_eur": 0.6,
    "max_hours_per_day": "",
    "active_from": "2026-11-09",
    "currently_active": "NO",
    "weekday_hours": "07:00-21:00",
    "saturday_hours": "07:00-15:00",
    "sunday_holidays": "FREE",
    "grace_minutes": 15,
    "sms_number": "",
    "special_rule": "",
    "geometry_status": "MAPPED",
    "source_url": "https://web.gpp-osijek.com/parking/",
    "source_type": "OFFICIAL",
    "verified": "YES",
    "notes": "Grad Osijek najavio je naplatu u II. zoni oko 9. studenoga 2026.",
    "geometry_source": "OpenStreetMap (Overpass API) queried 2026-09-30",
    "geometry_method": "OSM road clipped to the stretch coloured on GPP map \"Sve zone parkiranja\" (georeferenced)"
   },
   "geometry": {
    "type": "LineString",
    "coordinates": [
     [
      18.6651928,
      45.5602176
     ],
     [
      18.6653117,
      45.5609628
     ]
    ]
   }
  },
  {
   "type": "Feature",
   "properties": {
    "segment_id": "OS-Z2-M020",
    "name": "Parkiralište – Reisnerova ulica",
    "segment_from": "",
    "segment_to": "",
    "location_type": "street_segment",
    "zone": "2",
    "municipal_status": "PAID",
    "hourly_price_eur": 0.6,
    "max_hours_per_day": "",
    "active_from": "2026-11-09",
    "currently_active": "NO",
    "weekday_hours": "07:00-21:00",
    "saturday_hours": "07:00-15:00",
    "sunday_holidays": "FREE",
    "grace_minutes": 15,
    "sms_number": "",
    "special_rule": "",
    "geometry_status": "MAPPED",
    "source_url": "https://web.gpp-osijek.com/parking/",
    "source_type": "OFFICIAL",
    "verified": "YES",
    "notes": "Grad Osijek najavio je naplatu u II. zoni oko 9. studenoga 2026.",
    "geometry_source": "OpenStreetMap (Overpass API) queried 2026-09-30",
    "geometry_method": "OSM road clipped to the stretch coloured on GPP map \"Sve zone parkiranja\" (georeferenced)"
   },
   "geometry": {
    "type": "MultiLineString",
    "coordinates": [
     [
      [
       18.6696917,
       45.554808
      ],
      [
       18.6697123,
       45.5552268
      ]
     ],
     [
      [
       18.6704203,
       45.5551613
      ],
      [
       18.6718276,
       45.5551594
      ]
     ]
    ]
   }
  },
  {
   "type": "Feature",
   "properties": {
    "segment_id": "OS-Z2-M021",
    "name": "Parkiralište – Sjenjak",
    "segment_from": "",
    "segment_to": "",
    "location_type": "street_segment",
    "zone": "2",
    "municipal_status": "PAID",
    "hourly_price_eur": 0.6,
    "max_hours_per_day": "",
    "active_from": "2026-11-09",
    "currently_active": "NO",
    "weekday_hours": "07:00-21:00",
    "saturday_hours": "07:00-15:00",
    "sunday_holidays": "FREE",
    "grace_minutes": 15,
    "sms_number": "",
    "special_rule": "",
    "geometry_status": "MAPPED",
    "source_url": "https://web.gpp-osijek.com/parking/",
    "source_type": "OFFICIAL",
    "verified": "YES",
    "notes": "Grad Osijek najavio je naplatu u II. zoni oko 9. studenoga 2026.",
    "geometry_source": "OpenStreetMap (Overpass API) queried 2026-09-30",
    "geometry_method": "OSM road clipped to the stretch coloured on GPP map \"Sve zone parkiranja\" (georeferenced)"
   },
   "geometry": {
    "type": "MultiLineString",
    "coordinates": [
     [
      [
       18.6970307,
       45.5540755
      ],
      [
       18.6970163,
       45.5538567
      ],
      [
       18.696987,
       45.5538126
      ],
      [
       18.6965951,
       45.5537583
      ]
     ],
     [
      [
       18.6983254,
       45.5540253
      ],
      [
       18.6978626,
       45.5539497
      ],
      [
       18.6974528,
       45.5539463
      ],
      [
       18.6974134,
       45.5539706
      ],
      [
       18.6974106,
       45.553991
      ],
      [
       18.6974256,
       45.5541782
      ]
     ]
    ]
   }
  },
  {
   "type": "Feature",
   "properties": {
    "segment_id": "OS-Z2-M022",
    "name": "Parkiralište – Trg bana Josipa Jelačića",
    "segment_from": "",
    "segment_to": "",
    "location_type": "street_segment",
    "zone": "2",
    "municipal_status": "PAID",
    "hourly_price_eur": 0.6,
    "max_hours_per_day": "",
    "active_from": "2026-11-09",
    "currently_active": "NO",
    "weekday_hours": "07:00-21:00",
    "saturday_hours": "07:00-15:00",
    "sunday_holidays": "FREE",
    "grace_minutes": 15,
    "sms_number": "",
    "special_rule": "",
    "geometry_status": "MAPPED",
    "source_url": "https://web.gpp-osijek.com/parking/",
    "source_type": "OFFICIAL",
    "verified": "YES",
    "notes": "Grad Osijek najavio je naplatu u II. zoni oko 9. studenoga 2026.",
    "geometry_source": "OpenStreetMap (Overpass API) queried 2026-09-30",
    "geometry_method": "OSM road clipped to the stretch coloured on GPP map \"Sve zone parkiranja\" (georeferenced)"
   },
   "geometry": {
    "type": "MultiLineString",
    "coordinates": [
     [
      [
       18.7172242,
       45.5556734
      ],
      [
       18.7172505,
       45.555631
      ],
      [
       18.7173035,
       45.5555942
      ],
      [
       18.7180752,
       45.5554122
      ]
     ],
     [
      [
       18.7180752,
       45.5554122
      ],
      [
       18.7185904,
       45.5552765
      ],
      [
       18.7187234,
       45.555284
      ],
      [
       18.7187805,
       45.5553029
      ],
      [
       18.7188497,
       45.5553545
      ]
     ]
    ]
   }
  },
  {
   "type": "Feature",
   "properties": {
    "segment_id": "OS-Z2-M023",
    "name": "Parkiralište – Ulica Bartula Kašića",
    "segment_from": "",
    "segment_to": "",
    "location_type": "street_segment",
    "zone": "2",
    "municipal_status": "PAID",
    "hourly_price_eur": 0.6,
    "max_hours_per_day": "",
    "active_from": "2026-11-09",
    "currently_active": "NO",
    "weekday_hours": "07:00-21:00",
    "saturday_hours": "07:00-15:00",
    "sunday_holidays": "FREE",
    "grace_minutes": 15,
    "sms_number": "",
    "special_rule": "",
    "geometry_status": "MAPPED",
    "source_url": "https://web.gpp-osijek.com/parking/",
    "source_type": "OFFICIAL",
    "verified": "YES",
    "notes": "Grad Osijek najavio je naplatu u II. zoni oko 9. studenoga 2026.",
    "geometry_source": "OpenStreetMap (Overpass API) queried 2026-09-30",
    "geometry_method": "OSM road clipped to the stretch coloured on GPP map \"Sve zone parkiranja\" (georeferenced)"
   },
   "geometry": {
    "type": "MultiLineString",
    "coordinates": [
     [
      [
       18.6905884,
       45.5536063
      ],
      [
       18.6915479,
       45.5536721
      ]
     ],
     [
      [
       18.6915479,
       45.5536721
      ],
      [
       18.691822,
       45.5536802
      ],
      [
       18.6919806,
       45.5536693
      ],
      [
       18.6921757,
       45.5536327
      ]
     ],
     [
      [
       18.6932156,
       45.5540604
      ],
      [
       18.6932477,
       45.5538455
      ],
      [
       18.6932319,
       45.5537912
      ],
      [
       18.6931504,
       45.553745
      ],
      [
       18.6930502,
       45.5537415
      ]
     ]
    ]
   }
  },
  {
   "type": "Feature",
   "properties": {
    "segment_id": "OS-Z2-M024",
    "name": "Parkiralište – Ulica Matije Gupca",
    "segment_from": "",
    "segment_to": "",
    "location_type": "street_segment",
    "zone": "2",
    "municipal_status": "PAID",
    "hourly_price_eur": 0.6,
    "max_hours_per_day": "",
    "active_from": "2026-11-09",
    "currently_active": "NO",
    "weekday_hours": "07:00-21:00",
    "saturday_hours": "07:00-15:00",
    "sunday_holidays": "FREE",
    "grace_minutes": 15,
    "sms_number": "",
    "special_rule": "",
    "geometry_status": "MAPPED",
    "source_url": "https://web.gpp-osijek.com/parking/",
    "source_type": "OFFICIAL",
    "verified": "YES",
    "notes": "Grad Osijek najavio je naplatu u II. zoni oko 9. studenoga 2026.",
    "geometry_source": "OpenStreetMap (Overpass API) queried 2026-09-30",
    "geometry_method": "OSM road clipped to the stretch coloured on GPP map \"Sve zone parkiranja\" (georeferenced)"
   },
   "geometry": {
    "type": "LineString",
    "coordinates": [
     [
      18.7205881,
      45.5548719
     ],
     [
      18.7205495,
      45.5547974
     ],
     [
      18.7205517,
      45.5547367
     ],
     [
      18.7212151,
      45.5545622
     ]
    ]
   }
  },
  {
   "type": "Feature",
   "properties": {
    "segment_id": "OS-Z2-M025",
    "name": "Parkiralište – Ulica Milutina Milankovića",
    "segment_from": "",
    "segment_to": "",
    "location_type": "street_segment",
    "zone": "2",
    "municipal_status": "PAID",
    "hourly_price_eur": 0.6,
    "max_hours_per_day": "",
    "active_from": "2026-11-09",
    "currently_active": "NO",
    "weekday_hours": "07:00-21:00",
    "saturday_hours": "07:00-15:00",
    "sunday_holidays": "FREE",
    "grace_minutes": 15,
    "sms_number": "",
    "special_rule": "",
    "geometry_status": "MAPPED",
    "source_url": "https://web.gpp-osijek.com/parking/",
    "source_type": "OFFICIAL",
    "verified": "YES",
    "notes": "Grad Osijek najavio je naplatu u II. zoni oko 9. studenoga 2026.",
    "geometry_source": "OpenStreetMap (Overpass API) queried 2026-09-30",
    "geometry_method": "OSM road clipped to the stretch coloured on GPP map \"Sve zone parkiranja\" (georeferenced)"
   },
   "geometry": {
    "type": "MultiLineString",
    "coordinates": [
     [
      [
       18.7065414,
       45.555736
      ],
      [
       18.7063267,
       45.5553294
      ]
     ],
     [
      [
       18.7055732,
       45.5553138
      ],
      [
       18.7060405,
       45.555327
      ],
      [
       18.7060684,
       45.5553392
      ],
      [
       18.7060989,
       45.5553865
      ]
     ]
    ]
   }
  },
  {
   "type": "Feature",
   "properties": {
    "segment_id": "OS-Z2-M026",
    "name": "Parkiralište – Ulica Vladimira Preloga",
    "segment_from": "",
    "segment_to": "",
    "location_type": "street_segment",
    "zone": "2",
    "municipal_status": "PAID",
    "hourly_price_eur": 0.6,
    "max_hours_per_day": "",
    "active_from": "2026-11-09",
    "currently_active": "NO",
    "weekday_hours": "07:00-21:00",
    "saturday_hours": "07:00-15:00",
    "sunday_holidays": "FREE",
    "grace_minutes": 15,
    "sms_number": "",
    "special_rule": "",
    "geometry_status": "MAPPED",
    "source_url": "https://web.gpp-osijek.com/parking/",
    "source_type": "OFFICIAL",
    "verified": "YES",
    "notes": "Grad Osijek najavio je naplatu u II. zoni oko 9. studenoga 2026.",
    "geometry_source": "OpenStreetMap (Overpass API) queried 2026-09-30",
    "geometry_method": "OSM road clipped to the stretch coloured on GPP map \"Sve zone parkiranja\" (georeferenced)"
   },
   "geometry": {
    "type": "MultiLineString",
    "coordinates": [
     [
      [
       18.7064644,
       45.5555896
      ],
      [
       18.7092021,
       45.5549002
      ]
     ],
     [
      [
       18.7063872,
       45.555444
      ],
      [
       18.7090303,
       45.5547769
      ],
      [
       18.709095,
       45.5547698
      ],
      [
       18.7091369,
       45.5547849
      ],
      [
       18.7092798,
       45.5550497
      ]
     ]
    ]
   }
  },
  {
   "type": "Feature",
   "properties": {
    "segment_id": "OS-Z2-M027",
    "name": "Parkiralište – Ulica cara Hadrijana",
    "segment_from": "",
    "segment_to": "",
    "location_type": "street_segment",
    "zone": "2",
    "municipal_status": "PAID",
    "hourly_price_eur": 0.6,
    "max_hours_per_day": "",
    "active_from": "2026-11-09",
    "currently_active": "NO",
    "weekday_hours": "07:00-21:00",
    "saturday_hours": "07:00-15:00",
    "sunday_holidays": "FREE",
    "grace_minutes": 15,
    "sms_number": "",
    "special_rule": "",
    "geometry_status": "MAPPED",
    "source_url": "https://web.gpp-osijek.com/parking/",
    "source_type": "OFFICIAL",
    "verified": "YES",
    "notes": "Grad Osijek najavio je naplatu u II. zoni oko 9. studenoga 2026.",
    "geometry_source": "OpenStreetMap (Overpass API) queried 2026-09-30",
    "geometry_method": "OSM road clipped to the stretch coloured on GPP map \"Sve zone parkiranja\" (georeferenced)"
   },
   "geometry": {
    "type": "MultiLineString",
    "coordinates": [
     [
      [
       18.7027777,
       45.5581259
      ],
      [
       18.7030666,
       45.5581199
      ],
      [
       18.7030834,
       45.5583765
      ]
     ],
     [
      [
       18.7070878,
       45.5581034
      ],
      [
       18.7075804,
       45.557963
      ],
      [
       18.7076644,
       45.5579512
      ],
      [
       18.7077136,
       45.55796
      ],
      [
       18.7077741,
       45.5580493
      ]
     ],
     [
      [
       18.7120771,
       45.5570493
      ],
      [
       18.7121406,
       45.5570928
      ],
      [
       18.7123899,
       45.5572042
      ],
      [
       18.712597,
       45.5572302
      ]
     ],
     [
      [
       18.7032441,
       45.5595326
      ],
      [
       18.7038125,
       45.5594928
      ],
      [
       18.7039954,
       45.5595286
      ]
     ],
     [
      [
       18.7051721,
       45.5588218
      ],
      [
       18.7054235,
       45.5588242
      ],
      [
       18.7058136,
       45.5587712
      ]
     ]
    ]
   }
  },
  {
   "type": "Feature",
   "properties": {
    "segment_id": "OS-Z2-M028",
    "name": "Parkiralište – Ulica kneza Trpimira",
    "segment_from": "",
    "segment_to": "",
    "location_type": "street_segment",
    "zone": "2",
    "municipal_status": "PAID",
    "hourly_price_eur": 0.6,
    "max_hours_per_day": "",
    "active_from": "2026-11-09",
    "currently_active": "NO",
    "weekday_hours": "07:00-21:00",
    "saturday_hours": "07:00-15:00",
    "sunday_holidays": "FREE",
    "grace_minutes": 15,
    "sms_number": "",
    "special_rule": "",
    "geometry_status": "MAPPED",
    "source_url": "https://web.gpp-osijek.com/parking/",
    "source_type": "OFFICIAL",
    "verified": "YES",
    "notes": "Grad Osijek najavio je naplatu u II. zoni oko 9. studenoga 2026.",
    "geometry_source": "OpenStreetMap (Overpass API) queried 2026-09-30",
    "geometry_method": "OSM road clipped to the stretch coloured on GPP map \"Sve zone parkiranja\" (georeferenced)"
   },
   "geometry": {
    "type": "LineString",
    "coordinates": [
     [
      18.6946271,
      45.5541586
     ],
     [
      18.6946521,
      45.5539695
     ],
     [
      18.6946489,
      45.553773
     ],
     [
      18.6945978,
      45.5536837
     ],
     [
      18.6945617,
      45.5536643
     ]
    ]
   }
  },
  {
   "type": "Feature",
   "properties": {
    "segment_id": "OS-Z2-M029",
    "name": "Parkiralište – Ulica kralja Zvonimira",
    "segment_from": "",
    "segment_to": "",
    "location_type": "street_segment",
    "zone": "2",
    "municipal_status": "PAID",
    "hourly_price_eur": 0.6,
    "max_hours_per_day": "",
    "active_from": "2026-11-09",
    "currently_active": "NO",
    "weekday_hours": "07:00-21:00",
    "saturday_hours": "07:00-15:00",
    "sunday_holidays": "FREE",
    "grace_minutes": 15,
    "sms_number": "",
    "special_rule": "",
    "geometry_status": "MAPPED",
    "source_url": "https://web.gpp-osijek.com/parking/",
    "source_type": "OFFICIAL",
    "verified": "YES",
    "notes": "Grad Osijek najavio je naplatu u II. zoni oko 9. studenoga 2026.",
    "geometry_source": "OpenStreetMap (Overpass API) queried 2026-09-30",
    "geometry_method": "OSM road clipped to the stretch coloured on GPP map \"Sve zone parkiranja\" (georeferenced)"
   },
   "geometry": {
    "type": "LineString",
    "coordinates": [
     [
      18.6931211,
      45.5577983
     ],
     [
      18.6931966,
      45.5576849
     ],
     [
      18.693607,
      45.5576076
     ],
     [
      18.6937911,
      45.5576782
     ]
    ]
   }
  },
  {
   "type": "Feature",
   "properties": {
    "segment_id": "OS-Z2-M030",
    "name": "Parkiralište – Vijenac Augusta Cesarca",
    "segment_from": "",
    "segment_to": "",
    "location_type": "street_segment",
    "zone": "2",
    "municipal_status": "PAID",
    "hourly_price_eur": 0.6,
    "max_hours_per_day": "",
    "active_from": "2026-11-09",
    "currently_active": "NO",
    "weekday_hours": "07:00-21:00",
    "saturday_hours": "07:00-15:00",
    "sunday_holidays": "FREE",
    "grace_minutes": 15,
    "sms_number": "",
    "special_rule": "",
    "geometry_status": "MAPPED",
    "source_url": "https://web.gpp-osijek.com/parking/",
    "source_type": "OFFICIAL",
    "verified": "YES",
    "notes": "Grad Osijek najavio je naplatu u II. zoni oko 9. studenoga 2026.",
    "geometry_source": "OpenStreetMap (Overpass API) queried 2026-09-30",
    "geometry_method": "OSM road clipped to the stretch coloured on GPP map \"Sve zone parkiranja\" (georeferenced)"
   },
   "geometry": {
    "type": "MultiLineString",
    "coordinates": [
     [
      [
       18.667578,
       45.5630686
      ],
      [
       18.6675348,
       45.5630009
      ],
      [
       18.6674528,
       45.5629375
      ],
      [
       18.6673592,
       45.5629156
      ],
      [
       18.6664697,
       45.5629518
      ],
      [
       18.6664283,
       45.5629673
      ],
      [
       18.6663818,
       45.5630277
      ],
      [
       18.6663561,
       45.5630876
      ],
      [
       18.6663557,
       45.5631845
      ]
     ],
     [
      [
       18.667619,
       45.5630435
      ],
      [
       18.6676932,
       45.5634149
      ]
     ],
     [
      [
       18.6662131,
       45.5627281
      ],
      [
       18.6662252,
       45.5628979
      ],
      [
       18.6661997,
       45.5630667
      ],
      [
       18.6663557,
       45.5631845
      ]
     ]
    ]
   }
  },
  {
   "type": "Feature",
   "properties": {
    "segment_id": "OS-Z2-M031",
    "name": "Parkiralište – Vijenac Ivana Meštrovića",
    "segment_from": "",
    "segment_to": "",
    "location_type": "street_segment",
    "zone": "2",
    "municipal_status": "PAID",
    "hourly_price_eur": 0.6,
    "max_hours_per_day": "",
    "active_from": "2026-11-09",
    "currently_active": "NO",
    "weekday_hours": "07:00-21:00",
    "saturday_hours": "07:00-15:00",
    "sunday_holidays": "FREE",
    "grace_minutes": 15,
    "sms_number": "",
    "special_rule": "",
    "geometry_status": "MAPPED",
    "source_url": "https://web.gpp-osijek.com/parking/",
    "source_type": "OFFICIAL",
    "verified": "YES",
    "notes": "Grad Osijek najavio je naplatu u II. zoni oko 9. studenoga 2026.",
    "geometry_source": "OpenStreetMap (Overpass API) queried 2026-09-30",
    "geometry_method": "OSM road clipped to the stretch coloured on GPP map \"Sve zone parkiranja\" (georeferenced)"
   },
   "geometry": {
    "type": "MultiLineString",
    "coordinates": [
     [
      [
       18.6982342,
       45.5571001
      ],
      [
       18.6982453,
       45.5573304
      ],
      [
       18.6983178,
       45.5573652
      ],
      [
       18.6991178,
       45.5573558
      ],
      [
       18.6991836,
       45.5573105
      ],
      [
       18.6991787,
       45.5570603
      ]
     ],
     [
      [
       18.7017011,
       45.5574023
      ],
      [
       18.7024954,
       45.5573834
      ],
      [
       18.7025074,
       45.557454
      ],
      [
       18.7025668,
       45.5575172
      ],
      [
       18.702599,
       45.5576223
      ],
      [
       18.7026225,
       45.5576345
      ],
      [
       18.7028469,
       45.557636
      ]
     ],
     [
      [
       18.697491,
       45.5571421
      ],
      [
       18.6974384,
       45.5563514
      ]
     ],
     [
      [
       18.6973035,
       45.5571649
      ],
      [
       18.6973114,
       45.5573737
      ],
      [
       18.6973427,
       45.5574094
      ],
      [
       18.6974285,
       45.5574243
      ],
      [
       18.6978869,
       45.5574164
      ]
     ],
     [
      [
       18.7011507,
       45.5569837
      ],
      [
       18.7011839,
       45.5574761
      ],
      [
       18.7011453,
       45.5574792
      ]
     ],
     [
      [
       18.6990208,
       45.5556004
      ],
      [
       18.6992449,
       45.5557083
      ],
      [
       18.6994491,
       45.5557836
      ],
      [
       18.6996216,
       45.5558162
      ],
      [
       18.6997709,
       45.5558151
      ]
     ],
     [
      [
       18.6988084,
       45.5552381
      ],
      [
       18.6987681,
       45.5549123
      ],
      [
       18.6983301,
       45.5549321
      ]
     ],
     [
      [
       18.6980455,
       45.5552652
      ],
      [
       18.6990632,
       45.5552333
      ]
     ],
     [
      [
       18.7012987,
       45.5554621
      ],
      [
       18.7014439,
       45.5555925
      ],
      [
       18.7014867,
       45.5560154
      ]
     ],
     [
      [
       18.699875,
       45.5570316
      ],
      [
       18.6999019,
       45.5575019
      ]
     ],
     [
      [
       18.7024954,
       45.5573834
      ],
      [
       18.7024819,
       45.5572056
      ],
      [
       18.7024497,
       45.5570911
      ],
      [
       18.7023048,
       45.5568882
      ],
      [
       18.7022405,
       45.5567492
      ],
      [
       18.7021814,
       45.5567323
      ],
      [
       18.7020634,
       45.5567361
      ],
      [
       18.7020268,
       45.5567065
      ]
     ],
     [
      [
       18.6998933,
       45.5573418
      ],
      [
       18.7007343,
       45.5573212
      ],
      [
       18.7007786,
       45.5573104
      ],
      [
       18.7008107,
       45.5572944
      ],
      [
       18.7008205,
       45.5572496
      ],
      [
       18.7008078,
       45.556993
      ]
     ]
    ]
   }
  },
  {
   "type": "Feature",
   "properties": {
    "segment_id": "OS-Z2-M032",
    "name": "Parkiralište – Vijenac Murse",
    "segment_from": "",
    "segment_to": "",
    "location_type": "street_segment",
    "zone": "2",
    "municipal_status": "PAID",
    "hourly_price_eur": 0.6,
    "max_hours_per_day": "",
    "active_from": "2026-11-09",
    "currently_active": "NO",
    "weekday_hours": "07:00-21:00",
    "saturday_hours": "07:00-15:00",
    "sunday_holidays": "FREE",
    "grace_minutes": 15,
    "sms_number": "",
    "special_rule": "",
    "geometry_status": "MAPPED",
    "source_url": "https://web.gpp-osijek.com/parking/",
    "source_type": "OFFICIAL",
    "verified": "YES",
    "notes": "Grad Osijek najavio je naplatu u II. zoni oko 9. studenoga 2026.",
    "geometry_source": "OpenStreetMap (Overpass API) queried 2026-09-30",
    "geometry_method": "OSM road clipped to the stretch coloured on GPP map \"Sve zone parkiranja\" (georeferenced)"
   },
   "geometry": {
    "type": "MultiLineString",
    "coordinates": [
     [
      [
       18.7181497,
       45.5545899
      ],
      [
       18.718024,
       45.5541894
      ]
     ],
     [
      [
       18.7182411,
       45.5541511
      ],
      [
       18.7183631,
       45.5545527
      ]
     ],
     [
      [
       18.7184932,
       45.5543114
      ],
      [
       18.7184372,
       45.5541147
      ],
      [
       18.7184547,
       45.5540866
      ],
      [
       18.7187019,
       45.554043
      ]
     ]
    ]
   }
  },
  {
   "type": "Feature",
   "properties": {
    "segment_id": "OS-Z2-M033",
    "name": "Parkiralište – Voćarska ulica",
    "segment_from": "",
    "segment_to": "",
    "location_type": "street_segment",
    "zone": "2",
    "municipal_status": "PAID",
    "hourly_price_eur": 0.6,
    "max_hours_per_day": "",
    "active_from": "2026-11-09",
    "currently_active": "NO",
    "weekday_hours": "07:00-21:00",
    "saturday_hours": "07:00-15:00",
    "sunday_holidays": "FREE",
    "grace_minutes": 15,
    "sms_number": "",
    "special_rule": "",
    "geometry_status": "MAPPED",
    "source_url": "https://web.gpp-osijek.com/parking/",
    "source_type": "OFFICIAL",
    "verified": "YES",
    "notes": "Grad Osijek najavio je naplatu u II. zoni oko 9. studenoga 2026.",
    "geometry_source": "OpenStreetMap (Overpass API) queried 2026-09-30",
    "geometry_method": "OSM road clipped to the stretch coloured on GPP map \"Sve zone parkiranja\" (georeferenced)"
   },
   "geometry": {
    "type": "LineString",
    "coordinates": [
     [
      18.7198526,
      45.5542989
     ],
     [
      18.7195597,
      45.5536446
     ]
    ]
   }
  },
  {
   "type": "Feature",
   "properties": {
    "segment_id": "OS-Z2-M034",
    "name": "Parkiralište – Vukovarska cesta",
    "segment_from": "",
    "segment_to": "",
    "location_type": "street_segment",
    "zone": "2",
    "municipal_status": "PAID",
    "hourly_price_eur": 0.6,
    "max_hours_per_day": "",
    "active_from": "2026-11-09",
    "currently_active": "NO",
    "weekday_hours": "07:00-21:00",
    "saturday_hours": "07:00-15:00",
    "sunday_holidays": "FREE",
    "grace_minutes": 15,
    "sms_number": "",
    "special_rule": "",
    "geometry_status": "MAPPED",
    "source_url": "https://web.gpp-osijek.com/parking/",
    "source_type": "OFFICIAL",
    "verified": "YES",
    "notes": "Grad Osijek najavio je naplatu u II. zoni oko 9. studenoga 2026.",
    "geometry_source": "OpenStreetMap (Overpass API) queried 2026-09-30",
    "geometry_method": "OSM road clipped to the stretch coloured on GPP map \"Sve zone parkiranja\" (georeferenced)"
   },
   "geometry": {
    "type": "MultiLineString",
    "coordinates": [
     [
      [
       18.7011341,
       45.5545442
      ],
      [
       18.7011357,
       45.5542058
      ],
      [
       18.6998407,
       45.5542259
      ],
      [
       18.6997951,
       45.5542022
      ],
      [
       18.6997926,
       45.5541476
      ]
     ],
     [
      [
       18.6970133,
       45.5546818
      ],
      [
       18.6983054,
       45.554622
      ]
     ],
     [
      [
       18.6968533,
       45.5544334
      ],
      [
       18.6977014,
       45.5543886
      ]
     ],
     [
      [
       18.7016425,
       45.5539232
      ],
      [
       18.7016643,
       45.5542913
      ]
     ],
     [
      [
       18.7194245,
       45.5536745
      ],
      [
       18.7192986,
       45.5537059
      ],
      [
       18.7192813,
       45.5537736
      ],
      [
       18.7193927,
       45.554091
      ],
      [
       18.7194417,
       45.554182
      ],
      [
       18.7194762,
       45.5541968
      ],
      [
       18.7195278,
       45.5542033
      ],
      [
       18.7196717,
       45.5541649
      ]
     ]
    ]
   }
  },
  {
   "type": "Feature",
   "properties": {
    "segment_id": "OS-Z2-M035",
    "name": "Prolaz Julija Knifera",
    "segment_from": "",
    "segment_to": "",
    "location_type": "street_segment",
    "zone": "2",
    "municipal_status": "PAID",
    "hourly_price_eur": 0.6,
    "max_hours_per_day": "",
    "active_from": "2026-11-09",
    "currently_active": "NO",
    "weekday_hours": "07:00-21:00",
    "saturday_hours": "07:00-15:00",
    "sunday_holidays": "FREE",
    "grace_minutes": 15,
    "sms_number": "",
    "special_rule": "",
    "geometry_status": "MAPPED",
    "source_url": "https://web.gpp-osijek.com/parking/",
    "source_type": "OFFICIAL",
    "verified": "YES",
    "notes": "Grad Osijek najavio je naplatu u II. zoni oko 9. studenoga 2026.",
    "geometry_source": "OpenStreetMap (Overpass API) queried 2026-09-30",
    "geometry_method": "OSM road clipped to the stretch coloured on GPP map \"Sve zone parkiranja\" (georeferenced)"
   },
   "geometry": {
    "type": "MultiLineString",
    "coordinates": [
     [
      [
       18.6960009,
       45.5560549
      ],
      [
       18.6957586,
       45.5561108
      ],
      [
       18.6946244,
       45.5563101
      ]
     ],
     [
      [
       18.6946244,
       45.5563101
      ],
      [
       18.6937819,
       45.5564631
      ]
     ]
    ]
   }
  },
  {
   "type": "Feature",
   "properties": {
    "segment_id": "OS-Z2-M036",
    "name": "Prolaz kod Snježne Gospe",
    "segment_from": "",
    "segment_to": "",
    "location_type": "street_segment",
    "zone": "2",
    "municipal_status": "PAID",
    "hourly_price_eur": 0.6,
    "max_hours_per_day": "",
    "active_from": "2026-11-09",
    "currently_active": "NO",
    "weekday_hours": "07:00-21:00",
    "saturday_hours": "07:00-15:00",
    "sunday_holidays": "FREE",
    "grace_minutes": 15,
    "sms_number": "",
    "special_rule": "",
    "geometry_status": "MAPPED",
    "source_url": "https://web.gpp-osijek.com/parking/",
    "source_type": "OFFICIAL",
    "verified": "YES",
    "notes": "Grad Osijek najavio je naplatu u II. zoni oko 9. studenoga 2026.",
    "geometry_source": "OpenStreetMap (Overpass API) queried 2026-09-30",
    "geometry_method": "OSM road clipped to the stretch coloured on GPP map \"Sve zone parkiranja\" (georeferenced)"
   },
   "geometry": {
    "type": "LineString",
    "coordinates": [
     [
      18.7190084,
      45.5536559
     ],
     [
      18.7192428,
      45.5543312
     ]
    ]
   }
  },
  {
   "type": "Feature",
   "properties": {
    "segment_id": "OS-Z2-M037",
    "name": "Reisnerova ulica",
    "segment_from": "",
    "segment_to": "",
    "location_type": "street_segment",
    "zone": "2",
    "municipal_status": "PAID",
    "hourly_price_eur": 0.6,
    "max_hours_per_day": "",
    "active_from": "2026-11-09",
    "currently_active": "NO",
    "weekday_hours": "07:00-21:00",
    "saturday_hours": "07:00-15:00",
    "sunday_holidays": "FREE",
    "grace_minutes": 15,
    "sms_number": "",
    "special_rule": "",
    "geometry_status": "MAPPED",
    "source_url": "https://web.gpp-osijek.com/parking/",
    "source_type": "OFFICIAL",
    "verified": "YES",
    "notes": "Grad Osijek najavio je naplatu u II. zoni oko 9. studenoga 2026.",
    "geometry_source": "OpenStreetMap (Overpass API) queried 2026-09-30",
    "geometry_method": "OSM road clipped to the stretch coloured on GPP map \"Sve zone parkiranja\" (georeferenced)"
   },
   "geometry": {
    "type": "MultiLineString",
    "coordinates": [
     [
      [
       18.6880413,
       45.554709
      ],
      [
       18.6886658,
       45.5547038
      ]
     ],
     [
      [
       18.6662593,
       45.5558886
      ],
      [
       18.6660617,
       45.5558888
      ],
      [
       18.6659323,
       45.5559146
      ],
      [
       18.6651713,
       45.5562019
      ]
     ],
     [
      [
       18.6662593,
       45.5558886
      ],
      [
       18.6662852,
       45.5558243
      ],
      [
       18.6663633,
       45.5557658
      ],
      [
       18.6669636,
       45.5555399
      ]
     ],
     [
      [
       18.6669636,
       45.5555399
      ],
      [
       18.6678313,
       45.5552101
      ],
      [
       18.6687676,
       45.5548832
      ]
     ],
     [
      [
       18.6692018,
       45.5548174
      ],
      [
       18.671282,
       45.5547999
      ]
     ],
     [
      [
       18.671282,
       45.5547999
      ],
      [
       18.6721879,
       45.5547972
      ]
     ]
    ]
   }
  },
  {
   "type": "Feature",
   "properties": {
    "segment_id": "OS-Z2-M038",
    "name": "Ružina ulica",
    "segment_from": "",
    "segment_to": "",
    "location_type": "street_segment",
    "zone": "2",
    "municipal_status": "PAID",
    "hourly_price_eur": 0.6,
    "max_hours_per_day": "",
    "active_from": "2026-11-09",
    "currently_active": "NO",
    "weekday_hours": "07:00-21:00",
    "saturday_hours": "07:00-15:00",
    "sunday_holidays": "FREE",
    "grace_minutes": 15,
    "sms_number": "",
    "special_rule": "",
    "geometry_status": "MAPPED",
    "source_url": "https://web.gpp-osijek.com/parking/",
    "source_type": "OFFICIAL",
    "verified": "YES",
    "notes": "Grad Osijek najavio je naplatu u II. zoni oko 9. studenoga 2026.",
    "geometry_source": "OpenStreetMap (Overpass API) queried 2026-09-30",
    "geometry_method": "OSM road clipped to the stretch coloured on GPP map \"Sve zone parkiranja\" (georeferenced)"
   },
   "geometry": {
    "type": "MultiLineString",
    "coordinates": [
     [
      [
       18.6617202,
       45.560559
      ],
      [
       18.6650956,
       45.5598064
      ]
     ],
     [
      [
       18.6675907,
       45.55908
      ],
      [
       18.6697145,
       45.5584804
      ]
     ],
     [
      [
       18.6702274,
       45.5583401
      ],
      [
       18.6720286,
       45.5578871
      ]
     ],
     [
      [
       18.6697145,
       45.5584804
      ],
      [
       18.6702274,
       45.5583401
      ]
     ]
    ]
   }
  },
  {
   "type": "Feature",
   "properties": {
    "segment_id": "OS-Z2-M039",
    "name": "Trg Nikole Tesle",
    "segment_from": "",
    "segment_to": "",
    "location_type": "street_segment",
    "zone": "2",
    "municipal_status": "PAID",
    "hourly_price_eur": 0.6,
    "max_hours_per_day": "",
    "active_from": "2026-11-09",
    "currently_active": "NO",
    "weekday_hours": "07:00-21:00",
    "saturday_hours": "07:00-15:00",
    "sunday_holidays": "FREE",
    "grace_minutes": 15,
    "sms_number": "",
    "special_rule": "",
    "geometry_status": "MAPPED",
    "source_url": "https://web.gpp-osijek.com/parking/",
    "source_type": "OFFICIAL",
    "verified": "YES",
    "notes": "Grad Osijek najavio je naplatu u II. zoni oko 9. studenoga 2026.",
    "geometry_source": "OpenStreetMap (Overpass API) queried 2026-09-30",
    "geometry_method": "OSM road clipped to the stretch coloured on GPP map \"Sve zone parkiranja\" (georeferenced)"
   },
   "geometry": {
    "type": "LineString",
    "coordinates": [
     [
      18.7189366,
      45.5603352
     ],
     [
      18.7190079,
      45.5605259
     ],
     [
      18.7190722,
      45.5605963
     ],
     [
      18.7191039,
      45.5606134
     ],
     [
      18.7192081,
      45.5606227
     ],
     [
      18.7193445,
      45.5606049
     ]
    ]
   }
  },
  {
   "type": "Feature",
   "properties": {
    "segment_id": "OS-Z2-M040",
    "name": "Trg bana Josipa Jelačića",
    "segment_from": "",
    "segment_to": "",
    "location_type": "street_segment",
    "zone": "2",
    "municipal_status": "PAID",
    "hourly_price_eur": 0.6,
    "max_hours_per_day": "",
    "active_from": "2026-11-09",
    "currently_active": "NO",
    "weekday_hours": "07:00-21:00",
    "saturday_hours": "07:00-15:00",
    "sunday_holidays": "FREE",
    "grace_minutes": 15,
    "sms_number": "",
    "special_rule": "",
    "geometry_status": "MAPPED",
    "source_url": "https://web.gpp-osijek.com/parking/",
    "source_type": "OFFICIAL",
    "verified": "YES",
    "notes": "Grad Osijek najavio je naplatu u II. zoni oko 9. studenoga 2026.",
    "geometry_source": "OpenStreetMap (Overpass API) queried 2026-09-30",
    "geometry_method": "OSM road clipped to the stretch coloured on GPP map \"Sve zone parkiranja\" (georeferenced)"
   },
   "geometry": {
    "type": "MultiLineString",
    "coordinates": [
     [
      [
       18.7202067,
       45.5549721
      ],
      [
       18.7196503,
       45.5551283
      ]
     ],
     [
      [
       18.7162136,
       45.5560013
      ],
      [
       18.7156661,
       45.5560895
      ]
     ],
     [
      [
       18.7172057,
       45.5558088
      ],
      [
       18.7166797,
       45.5559223
      ]
     ],
     [
      [
       18.7188497,
       45.5553545
      ],
      [
       18.7178322,
       45.5556393
      ]
     ]
    ]
   }
  },
  {
   "type": "Feature",
   "properties": {
    "segment_id": "OS-Z2-M041",
    "name": "Ulica Andrije Mohorovičića",
    "segment_from": "",
    "segment_to": "",
    "location_type": "street_segment",
    "zone": "2",
    "municipal_status": "PAID",
    "hourly_price_eur": 0.6,
    "max_hours_per_day": "",
    "active_from": "2026-11-09",
    "currently_active": "NO",
    "weekday_hours": "07:00-21:00",
    "saturday_hours": "07:00-15:00",
    "sunday_holidays": "FREE",
    "grace_minutes": 15,
    "sms_number": "",
    "special_rule": "",
    "geometry_status": "MAPPED",
    "source_url": "https://web.gpp-osijek.com/parking/",
    "source_type": "OFFICIAL",
    "verified": "YES",
    "notes": "Grad Osijek najavio je naplatu u II. zoni oko 9. studenoga 2026.",
    "geometry_source": "OpenStreetMap (Overpass API) queried 2026-09-30",
    "geometry_method": "OSM road clipped to the stretch coloured on GPP map \"Sve zone parkiranja\" (georeferenced)"
   },
   "geometry": {
    "type": "LineString",
    "coordinates": [
     [
      18.7095814,
      45.5550489
     ],
     [
      18.7092725,
      45.5543996
     ]
    ]
   }
  },
  {
   "type": "Feature",
   "properties": {
    "segment_id": "OS-Z2-M042",
    "name": "Ulica Antuna Mihanovića",
    "segment_from": "",
    "segment_to": "",
    "location_type": "street_segment",
    "zone": "2",
    "municipal_status": "PAID",
    "hourly_price_eur": 0.6,
    "max_hours_per_day": "",
    "active_from": "2026-11-09",
    "currently_active": "NO",
    "weekday_hours": "07:00-21:00",
    "saturday_hours": "07:00-15:00",
    "sunday_holidays": "FREE",
    "grace_minutes": 15,
    "sms_number": "",
    "special_rule": "",
    "geometry_status": "MAPPED",
    "source_url": "https://web.gpp-osijek.com/parking/",
    "source_type": "OFFICIAL",
    "verified": "YES",
    "notes": "Grad Osijek najavio je naplatu u II. zoni oko 9. studenoga 2026.",
    "geometry_source": "OpenStreetMap (Overpass API) queried 2026-09-30",
    "geometry_method": "OSM road clipped to the stretch coloured on GPP map \"Sve zone parkiranja\" (georeferenced)"
   },
   "geometry": {
    "type": "MultiLineString",
    "coordinates": [
     [
      [
       18.6870165,
       45.5544253
      ],
      [
       18.687197,
       45.5541255
      ],
      [
       18.6875916,
       45.5536792
      ]
     ],
     [
      [
       18.6878695,
       45.5536975
      ],
      [
       18.6875396,
       45.5540247
      ],
      [
       18.6872381,
       45.5544582
      ]
     ]
    ]
   }
  },
  {
   "type": "Feature",
   "properties": {
    "segment_id": "OS-Z2-M043",
    "name": "Ulica Bartula Kašića",
    "segment_from": "",
    "segment_to": "",
    "location_type": "street_segment",
    "zone": "2",
    "municipal_status": "PAID",
    "hourly_price_eur": 0.6,
    "max_hours_per_day": "",
    "active_from": "2026-11-09",
    "currently_active": "NO",
    "weekday_hours": "07:00-21:00",
    "saturday_hours": "07:00-15:00",
    "sunday_holidays": "FREE",
    "grace_minutes": 15,
    "sms_number": "",
    "special_rule": "",
    "geometry_status": "MAPPED",
    "source_url": "https://web.gpp-osijek.com/parking/",
    "source_type": "OFFICIAL",
    "verified": "YES",
    "notes": "Grad Osijek najavio je naplatu u II. zoni oko 9. studenoga 2026.",
    "geometry_source": "OpenStreetMap (Overpass API) queried 2026-09-30",
    "geometry_method": "OSM road clipped to the stretch coloured on GPP map \"Sve zone parkiranja\" (georeferenced)"
   },
   "geometry": {
    "type": "MultiLineString",
    "coordinates": [
     [
      [
       18.6916232,
       45.5539591
      ],
      [
       18.6946271,
       45.5541586
      ],
      [
       18.6947302,
       45.554167
      ],
      [
       18.694794,
       45.5541953
      ]
     ],
     [
      [
       18.6873946,
       45.553666
      ],
      [
       18.6879497,
       45.5537041
      ]
     ],
     [
      [
       18.6905088,
       45.5538845
      ],
      [
       18.6916232,
       45.5539591
      ]
     ]
    ]
   }
  },
  {
   "type": "Feature",
   "properties": {
    "segment_id": "OS-Z2-M044",
    "name": "Ulica Branka Radičevića",
    "segment_from": "",
    "segment_to": "",
    "location_type": "street_segment",
    "zone": "2",
    "municipal_status": "PAID",
    "hourly_price_eur": 0.6,
    "max_hours_per_day": "",
    "active_from": "2026-11-09",
    "currently_active": "NO",
    "weekday_hours": "07:00-21:00",
    "saturday_hours": "07:00-15:00",
    "sunday_holidays": "FREE",
    "grace_minutes": 15,
    "sms_number": "",
    "special_rule": "",
    "geometry_status": "MAPPED",
    "source_url": "https://web.gpp-osijek.com/parking/",
    "source_type": "OFFICIAL",
    "verified": "YES",
    "notes": "Grad Osijek najavio je naplatu u II. zoni oko 9. studenoga 2026.",
    "geometry_source": "OpenStreetMap (Overpass API) queried 2026-09-30",
    "geometry_method": "OSM road clipped to the stretch coloured on GPP map \"Sve zone parkiranja\" (georeferenced)"
   },
   "geometry": {
    "type": "MultiLineString",
    "coordinates": [
     [
      [
       18.7169189,
       45.5587778
      ],
      [
       18.7168518,
       45.5572612
      ]
     ],
     [
      [
       18.7167835,
       45.5562073
      ],
      [
       18.7168518,
       45.5572612
      ]
     ]
    ]
   }
  },
  {
   "type": "Feature",
   "properties": {
    "segment_id": "OS-Z2-M045",
    "name": "Ulica Dobriše Cesarića",
    "segment_from": "",
    "segment_to": "",
    "location_type": "street_segment",
    "zone": "2",
    "municipal_status": "PAID",
    "hourly_price_eur": 0.6,
    "max_hours_per_day": "",
    "active_from": "2026-11-09",
    "currently_active": "NO",
    "weekday_hours": "07:00-21:00",
    "saturday_hours": "07:00-15:00",
    "sunday_holidays": "FREE",
    "grace_minutes": 15,
    "sms_number": "",
    "special_rule": "",
    "geometry_status": "MAPPED",
    "source_url": "https://web.gpp-osijek.com/parking/",
    "source_type": "OFFICIAL",
    "verified": "YES",
    "notes": "Grad Osijek najavio je naplatu u II. zoni oko 9. studenoga 2026.",
    "geometry_source": "OpenStreetMap (Overpass API) queried 2026-09-30",
    "geometry_method": "OSM road clipped to the stretch coloured on GPP map \"Sve zone parkiranja\" (georeferenced)"
   },
   "geometry": {
    "type": "MultiLineString",
    "coordinates": [
     [
      [
       18.691991,
       45.5557215
      ],
      [
       18.6921114,
       45.555993
      ],
      [
       18.6925063,
       45.5571917
      ]
     ],
     [
      [
       18.6925063,
       45.5571917
      ],
      [
       18.6927461,
       45.5578656
      ]
     ]
    ]
   }
  },
  {
   "type": "Feature",
   "properties": {
    "segment_id": "OS-Z2-M046",
    "name": "Ulica Franje Krežme",
    "segment_from": "",
    "segment_to": "",
    "location_type": "street_segment",
    "zone": "2",
    "municipal_status": "PAID",
    "hourly_price_eur": 0.6,
    "max_hours_per_day": "",
    "active_from": "2026-11-09",
    "currently_active": "NO",
    "weekday_hours": "07:00-21:00",
    "saturday_hours": "07:00-15:00",
    "sunday_holidays": "FREE",
    "grace_minutes": 15,
    "sms_number": "",
    "special_rule": "",
    "geometry_status": "MAPPED",
    "source_url": "https://web.gpp-osijek.com/parking/",
    "source_type": "OFFICIAL",
    "verified": "YES",
    "notes": "Grad Osijek najavio je naplatu u II. zoni oko 9. studenoga 2026.",
    "geometry_source": "OpenStreetMap (Overpass API) queried 2026-09-30",
    "geometry_method": "OSM road clipped to the stretch coloured on GPP map \"Sve zone parkiranja\" (georeferenced)"
   },
   "geometry": {
    "type": "LineString",
    "coordinates": [
     [
      18.6876209,
      45.5587636
     ],
     [
      18.6869985,
      45.5570003
     ]
    ]
   }
  },
  {
   "type": "Feature",
   "properties": {
    "segment_id": "OS-Z2-M047",
    "name": "Ulica Ivana Gundulića",
    "segment_from": "",
    "segment_to": "",
    "location_type": "street_segment",
    "zone": "2",
    "municipal_status": "PAID",
    "hourly_price_eur": 0.6,
    "max_hours_per_day": "",
    "active_from": "2026-11-09",
    "currently_active": "NO",
    "weekday_hours": "07:00-21:00",
    "saturday_hours": "07:00-15:00",
    "sunday_holidays": "FREE",
    "grace_minutes": 15,
    "sms_number": "",
    "special_rule": "",
    "geometry_status": "MAPPED",
    "source_url": "https://web.gpp-osijek.com/parking/",
    "source_type": "OFFICIAL",
    "verified": "YES",
    "notes": "Grad Osijek najavio je naplatu u II. zoni oko 9. studenoga 2026.",
    "geometry_source": "OpenStreetMap (Overpass API) queried 2026-09-30",
    "geometry_method": "OSM road clipped to the stretch coloured on GPP map \"Sve zone parkiranja\" (georeferenced)"
   },
   "geometry": {
    "type": "MultiLineString",
    "coordinates": [
     [
      [
       18.6694628,
       45.5562389
      ],
      [
       18.6698113,
       45.5561395
      ],
      [
       18.6702338,
       45.5560552
      ]
     ],
     [
      [
       18.6702338,
       45.5560552
      ],
      [
       18.6706912,
       45.5560126
      ],
      [
       18.6711798,
       45.5560169
      ]
     ],
     [
      [
       18.6711798,
       45.5560169
      ],
      [
       18.6717712,
       45.5560323
      ]
     ]
    ]
   }
  },
  {
   "type": "Feature",
   "properties": {
    "segment_id": "OS-Z2-M048",
    "name": "Ulica Ive Tijardovića",
    "segment_from": "",
    "segment_to": "",
    "location_type": "street_segment",
    "zone": "2",
    "municipal_status": "PAID",
    "hourly_price_eur": 0.6,
    "max_hours_per_day": "",
    "active_from": "2026-11-09",
    "currently_active": "NO",
    "weekday_hours": "07:00-21:00",
    "saturday_hours": "07:00-15:00",
    "sunday_holidays": "FREE",
    "grace_minutes": 15,
    "sms_number": "",
    "special_rule": "",
    "geometry_status": "MAPPED",
    "source_url": "https://web.gpp-osijek.com/parking/",
    "source_type": "OFFICIAL",
    "verified": "YES",
    "notes": "Grad Osijek najavio je naplatu u II. zoni oko 9. studenoga 2026.",
    "geometry_source": "OpenStreetMap (Overpass API) queried 2026-09-30",
    "geometry_method": "OSM road clipped to the stretch coloured on GPP map \"Sve zone parkiranja\" (georeferenced)"
   },
   "geometry": {
    "type": "MultiLineString",
    "coordinates": [
     [
      [
       18.720504,
       45.5565251
      ],
      [
       18.7215788,
       45.5566451
      ]
     ],
     [
      [
       18.7198458,
       45.5564374
      ],
      [
       18.720504,
       45.5565251
      ]
     ]
    ]
   }
  },
  {
   "type": "Feature",
   "properties": {
    "segment_id": "OS-Z2-M049",
    "name": "Ulica Josipa Huttlera",
    "segment_from": "",
    "segment_to": "",
    "location_type": "street_segment",
    "zone": "2",
    "municipal_status": "PAID",
    "hourly_price_eur": 0.6,
    "max_hours_per_day": "",
    "active_from": "2026-11-09",
    "currently_active": "NO",
    "weekday_hours": "07:00-21:00",
    "saturday_hours": "07:00-15:00",
    "sunday_holidays": "FREE",
    "grace_minutes": 15,
    "sms_number": "",
    "special_rule": "",
    "geometry_status": "MAPPED",
    "source_url": "https://web.gpp-osijek.com/parking/",
    "source_type": "OFFICIAL",
    "verified": "YES",
    "notes": "Grad Osijek najavio je naplatu u II. zoni oko 9. studenoga 2026.",
    "geometry_source": "OpenStreetMap (Overpass API) queried 2026-09-30",
    "geometry_method": "OSM road clipped to the stretch coloured on GPP map \"Sve zone parkiranja\" (georeferenced)"
   },
   "geometry": {
    "type": "LineString",
    "coordinates": [
     [
      18.7155961,
      45.5542815
     ],
     [
      18.7156144,
      45.5550943
     ],
     [
      18.7156661,
      45.5560895
     ]
    ]
   }
  },
  {
   "type": "Feature",
   "properties": {
    "segment_id": "OS-Z2-M050",
    "name": "Ulica Julija Knifera",
    "segment_from": "",
    "segment_to": "",
    "location_type": "street_segment",
    "zone": "2",
    "municipal_status": "PAID",
    "hourly_price_eur": 0.6,
    "max_hours_per_day": "",
    "active_from": "2026-11-09",
    "currently_active": "NO",
    "weekday_hours": "07:00-21:00",
    "saturday_hours": "07:00-15:00",
    "sunday_holidays": "FREE",
    "grace_minutes": 15,
    "sms_number": "",
    "special_rule": "",
    "geometry_status": "MAPPED",
    "source_url": "https://web.gpp-osijek.com/parking/",
    "source_type": "OFFICIAL",
    "verified": "YES",
    "notes": "Grad Osijek najavio je naplatu u II. zoni oko 9. studenoga 2026.",
    "geometry_source": "OpenStreetMap (Overpass API) queried 2026-09-30",
    "geometry_method": "OSM road clipped to the stretch coloured on GPP map \"Sve zone parkiranja\" (georeferenced)"
   },
   "geometry": {
    "type": "MultiLineString",
    "coordinates": [
     [
      [
       18.705044,
       45.5581723
      ],
      [
       18.7049616,
       45.5577424
      ],
      [
       18.7048287,
       45.5567905
      ]
     ],
     [
      [
       18.7047366,
       45.5560233
      ],
      [
       18.7046624,
       45.5551949
      ],
      [
       18.7046906,
       45.5546255
      ]
     ],
     [
      [
       18.7051955,
       45.5587002
      ],
      [
       18.705044,
       45.5581723
      ]
     ]
    ]
   }
  },
  {
   "type": "Feature",
   "properties": {
    "segment_id": "OS-Z2-M051",
    "name": "Ulica Matije Gupca",
    "segment_from": "",
    "segment_to": "",
    "location_type": "street_segment",
    "zone": "2",
    "municipal_status": "PAID",
    "hourly_price_eur": 0.6,
    "max_hours_per_day": "",
    "active_from": "2026-11-09",
    "currently_active": "NO",
    "weekday_hours": "07:00-21:00",
    "saturday_hours": "07:00-15:00",
    "sunday_holidays": "FREE",
    "grace_minutes": 15,
    "sms_number": "",
    "special_rule": "",
    "geometry_status": "MAPPED",
    "source_url": "https://web.gpp-osijek.com/parking/",
    "source_type": "OFFICIAL",
    "verified": "YES",
    "notes": "Grad Osijek najavio je naplatu u II. zoni oko 9. studenoga 2026.",
    "geometry_source": "OpenStreetMap (Overpass API) queried 2026-09-30",
    "geometry_method": "OSM road clipped to the stretch coloured on GPP map \"Sve zone parkiranja\" (georeferenced)"
   },
   "geometry": {
    "type": "LineString",
    "coordinates": [
     [
      18.7212929,
      45.554691
     ],
     [
      18.7202067,
      45.5549721
     ]
    ]
   }
  },
  {
   "type": "Feature",
   "properties": {
    "segment_id": "OS-Z2-M052",
    "name": "Ulica Milutina Milankovića",
    "segment_from": "",
    "segment_to": "",
    "location_type": "street_segment",
    "zone": "2",
    "municipal_status": "PAID",
    "hourly_price_eur": 0.6,
    "max_hours_per_day": "",
    "active_from": "2026-11-09",
    "currently_active": "NO",
    "weekday_hours": "07:00-21:00",
    "saturday_hours": "07:00-15:00",
    "sunday_holidays": "FREE",
    "grace_minutes": 15,
    "sms_number": "",
    "special_rule": "",
    "geometry_status": "MAPPED",
    "source_url": "https://web.gpp-osijek.com/parking/",
    "source_type": "OFFICIAL",
    "verified": "YES",
    "notes": "Grad Osijek najavio je naplatu u II. zoni oko 9. studenoga 2026.",
    "geometry_source": "OpenStreetMap (Overpass API) queried 2026-09-30",
    "geometry_method": "OSM road clipped to the stretch coloured on GPP map \"Sve zone parkiranja\" (georeferenced)"
   },
   "geometry": {
    "type": "LineString",
    "coordinates": [
     [
      18.7060989,
      45.5553865
     ],
     [
      18.7063123,
      45.5557934
     ]
    ]
   }
  },
  {
   "type": "Feature",
   "properties": {
    "segment_id": "OS-Z2-M053",
    "name": "Ulica Otokara Keršovanija",
    "segment_from": "",
    "segment_to": "",
    "location_type": "street_segment",
    "zone": "2",
    "municipal_status": "PAID",
    "hourly_price_eur": 0.6,
    "max_hours_per_day": "",
    "active_from": "2026-11-09",
    "currently_active": "NO",
    "weekday_hours": "07:00-21:00",
    "saturday_hours": "07:00-15:00",
    "sunday_holidays": "FREE",
    "grace_minutes": 15,
    "sms_number": "",
    "special_rule": "",
    "geometry_status": "MAPPED",
    "source_url": "https://web.gpp-osijek.com/parking/",
    "source_type": "OFFICIAL",
    "verified": "YES",
    "notes": "Grad Osijek najavio je naplatu u II. zoni oko 9. studenoga 2026.",
    "geometry_source": "OpenStreetMap (Overpass API) queried 2026-09-30",
    "geometry_method": "OSM road clipped to the stretch coloured on GPP map \"Sve zone parkiranja\" (georeferenced)"
   },
   "geometry": {
    "type": "MultiLineString",
    "coordinates": [
     [
      [
       18.6906859,
       45.5560487
      ],
      [
       18.6914343,
       45.5580923
      ]
     ],
     [
      [
       18.6910649,
       45.5576018
      ],
      [
       18.6905133,
       45.556125
      ]
     ]
    ]
   }
  },
  {
   "type": "Feature",
   "properties": {
    "segment_id": "OS-Z2-M054",
    "name": "Ulica Pavla Pejačevića",
    "segment_from": "",
    "segment_to": "",
    "location_type": "street_segment",
    "zone": "2",
    "municipal_status": "PAID",
    "hourly_price_eur": 0.6,
    "max_hours_per_day": "",
    "active_from": "2026-11-09",
    "currently_active": "NO",
    "weekday_hours": "07:00-21:00",
    "saturday_hours": "07:00-15:00",
    "sunday_holidays": "FREE",
    "grace_minutes": 15,
    "sms_number": "",
    "special_rule": "",
    "geometry_status": "MAPPED",
    "source_url": "https://web.gpp-osijek.com/parking/",
    "source_type": "OFFICIAL",
    "verified": "YES",
    "notes": "Grad Osijek najavio je naplatu u II. zoni oko 9. studenoga 2026.",
    "geometry_source": "OpenStreetMap (Overpass API) queried 2026-09-30",
    "geometry_method": "OSM road clipped to the stretch coloured on GPP map \"Sve zone parkiranja\" (georeferenced)"
   },
   "geometry": {
    "type": "MultiLineString",
    "coordinates": [
     [
      [
       18.6701646,
       45.5626111
      ],
      [
       18.6729814,
       45.5613056
      ]
     ],
     [
      [
       18.6694691,
       45.562931
      ],
      [
       18.6701646,
       45.5626111
      ]
     ]
    ]
   }
  },
  {
   "type": "Feature",
   "properties": {
    "segment_id": "OS-Z2-M055",
    "name": "Ulica Vladimira Preloga",
    "segment_from": "",
    "segment_to": "",
    "location_type": "street_segment",
    "zone": "2",
    "municipal_status": "PAID",
    "hourly_price_eur": 0.6,
    "max_hours_per_day": "",
    "active_from": "2026-11-09",
    "currently_active": "NO",
    "weekday_hours": "07:00-21:00",
    "saturday_hours": "07:00-15:00",
    "sunday_holidays": "FREE",
    "grace_minutes": 15,
    "sms_number": "",
    "special_rule": "",
    "geometry_status": "MAPPED",
    "source_url": "https://web.gpp-osijek.com/parking/",
    "source_type": "OFFICIAL",
    "verified": "YES",
    "notes": "Grad Osijek najavio je naplatu u II. zoni oko 9. studenoga 2026.",
    "geometry_source": "OpenStreetMap (Overpass API) queried 2026-09-30",
    "geometry_method": "OSM road clipped to the stretch coloured on GPP map \"Sve zone parkiranja\" (georeferenced)"
   },
   "geometry": {
    "type": "MultiLineString",
    "coordinates": [
     [
      [
       18.7063123,
       45.5557934
      ],
      [
       18.7095497,
       45.5549821
      ]
     ],
     [
      [
       18.7052503,
       45.555733
      ],
      [
       18.7061604,
       45.5555038
      ]
     ]
    ]
   }
  },
  {
   "type": "Feature",
   "properties": {
    "segment_id": "OS-Z2-M056",
    "name": "Ulica Zmaj Jove Jovanovića",
    "segment_from": "",
    "segment_to": "",
    "location_type": "street_segment",
    "zone": "2",
    "municipal_status": "PAID",
    "hourly_price_eur": 0.6,
    "max_hours_per_day": "",
    "active_from": "2026-11-09",
    "currently_active": "NO",
    "weekday_hours": "07:00-21:00",
    "saturday_hours": "07:00-15:00",
    "sunday_holidays": "FREE",
    "grace_minutes": 15,
    "sms_number": "",
    "special_rule": "",
    "geometry_status": "MAPPED",
    "source_url": "https://web.gpp-osijek.com/parking/",
    "source_type": "OFFICIAL",
    "verified": "YES",
    "notes": "Grad Osijek najavio je naplatu u II. zoni oko 9. studenoga 2026.",
    "geometry_source": "OpenStreetMap (Overpass API) queried 2026-09-30",
    "geometry_method": "OSM road clipped to the stretch coloured on GPP map \"Sve zone parkiranja\" (georeferenced)"
   },
   "geometry": {
    "type": "MultiLineString",
    "coordinates": [
     [
      [
       18.7190937,
       45.558852
      ],
      [
       18.7190743,
       45.5591344
      ],
      [
       18.7189314,
       45.5596655
      ],
      [
       18.718894,
       45.5601107
      ],
      [
       18.7189366,
       45.5603352
      ]
     ],
     [
      [
       18.7191146,
       45.5586012
      ],
      [
       18.7193712,
       45.5573981
      ]
     ],
     [
      [
       18.7194578,
       45.5570301
      ],
      [
       18.7195945,
       45.5564616
      ]
     ]
    ]
   }
  },
  {
   "type": "Feature",
   "properties": {
    "segment_id": "OS-Z2-M057",
    "name": "Ulica cara Hadrijana",
    "segment_from": "",
    "segment_to": "",
    "location_type": "street_segment",
    "zone": "2",
    "municipal_status": "PAID",
    "hourly_price_eur": 0.6,
    "max_hours_per_day": "",
    "active_from": "2026-11-09",
    "currently_active": "NO",
    "weekday_hours": "07:00-21:00",
    "saturday_hours": "07:00-15:00",
    "sunday_holidays": "FREE",
    "grace_minutes": 15,
    "sms_number": "",
    "special_rule": "",
    "geometry_status": "MAPPED",
    "source_url": "https://web.gpp-osijek.com/parking/",
    "source_type": "OFFICIAL",
    "verified": "YES",
    "notes": "Grad Osijek najavio je naplatu u II. zoni oko 9. studenoga 2026.",
    "geometry_source": "OpenStreetMap (Overpass API) queried 2026-09-30",
    "geometry_method": "OSM road clipped to the stretch coloured on GPP map \"Sve zone parkiranja\" (georeferenced)"
   },
   "geometry": {
    "type": "MultiLineString",
    "coordinates": [
     [
      [
       18.7051955,
       45.5587002
      ],
      [
       18.7051868,
       45.5587967
      ],
      [
       18.7051511,
       45.5588443
      ],
      [
       18.7046235,
       45.5590496
      ],
      [
       18.703823,
       45.5593493
      ],
      [
       18.7033654,
       45.5594965
      ],
      [
       18.7029918,
       45.5596027
      ],
      [
       18.7025843,
       45.5596856
      ]
     ],
     [
      [
       18.7051955,
       45.5587002
      ],
      [
       18.7037928,
       45.5590682
      ]
     ],
     [
      [
       18.7037928,
       45.5590682
      ],
      [
       18.7035063,
       45.5591243
      ],
      [
       18.7033189,
       45.5591353
      ],
      [
       18.7031287,
       45.5591258
      ]
     ],
     [
      [
       18.7064045,
       45.5583957
      ],
      [
       18.7051955,
       45.5587002
      ]
     ],
     [
      [
       18.7075266,
       45.5581131
      ],
      [
       18.7064045,
       45.5583957
      ]
     ],
     [
      [
       18.7098822,
       45.5575055
      ],
      [
       18.7080359,
       45.5579818
      ]
     ],
     [
      [
       18.7080359,
       45.5579818
      ],
      [
       18.7075266,
       45.5581131
      ]
     ],
     [
      [
       18.7146868,
       45.556305
      ],
      [
       18.7106931,
       45.5572962
      ]
     ],
     [
      [
       18.7106931,
       45.5572962
      ],
      [
       18.7100651,
       45.5574583
      ]
     ]
    ]
   }
  },
  {
   "type": "Feature",
   "properties": {
    "segment_id": "OS-Z2-M058",
    "name": "Ulica kneza Trpimira",
    "segment_from": "",
    "segment_to": "",
    "location_type": "street_segment",
    "zone": "2",
    "municipal_status": "PAID",
    "hourly_price_eur": 0.6,
    "max_hours_per_day": "",
    "active_from": "2026-11-09",
    "currently_active": "NO",
    "weekday_hours": "07:00-21:00",
    "saturday_hours": "07:00-15:00",
    "sunday_holidays": "FREE",
    "grace_minutes": 15,
    "sms_number": "",
    "special_rule": "",
    "geometry_status": "MAPPED",
    "source_url": "https://web.gpp-osijek.com/parking/",
    "source_type": "OFFICIAL",
    "verified": "YES",
    "notes": "Grad Osijek najavio je naplatu u II. zoni oko 9. studenoga 2026.",
    "geometry_source": "OpenStreetMap (Overpass API) queried 2026-09-30",
    "geometry_method": "OSM road clipped to the stretch coloured on GPP map \"Sve zone parkiranja\" (georeferenced)"
   },
   "geometry": {
    "type": "MultiLineString",
    "coordinates": [
     [
      [
       18.6953528,
       45.5541272
      ],
      [
       18.6953185,
       45.5536543
      ]
     ],
     [
      [
       18.6949015,
       45.5534775
      ],
      [
       18.6951374,
       45.5541972
      ],
      [
       18.6951675,
       45.5543973
      ]
     ],
     [
      [
       18.6969257,
       45.5572682
      ],
      [
       18.6972037,
       45.5576078
      ]
     ],
     [
      [
       18.694794,
       45.5541953
      ],
      [
       18.6948413,
       45.5542698
      ],
      [
       18.6949293,
       45.5545689
      ],
      [
       18.6949803,
       45.5545964
      ],
      [
       18.695055,
       45.554587
      ]
     ],
     [
      [
       18.6951675,
       45.5543973
      ],
      [
       18.6950343,
       45.5541997
      ],
      [
       18.6948583,
       45.5537184
      ],
      [
       18.6947896,
       45.5534713
      ]
     ]
    ]
   }
  },
  {
   "type": "Feature",
   "properties": {
    "segment_id": "OS-Z2-M059",
    "name": "Ulica kralja Zvonimira",
    "segment_from": "",
    "segment_to": "",
    "location_type": "street_segment",
    "zone": "2",
    "municipal_status": "PAID",
    "hourly_price_eur": 0.6,
    "max_hours_per_day": "",
    "active_from": "2026-11-09",
    "currently_active": "NO",
    "weekday_hours": "07:00-21:00",
    "saturday_hours": "07:00-15:00",
    "sunday_holidays": "FREE",
    "grace_minutes": 15,
    "sms_number": "",
    "special_rule": "",
    "geometry_status": "MAPPED",
    "source_url": "https://web.gpp-osijek.com/parking/",
    "source_type": "OFFICIAL",
    "verified": "YES",
    "notes": "Grad Osijek najavio je naplatu u II. zoni oko 9. studenoga 2026.",
    "geometry_source": "OpenStreetMap (Overpass API) queried 2026-09-30",
    "geometry_method": "OSM road clipped to the stretch coloured on GPP map \"Sve zone parkiranja\" (georeferenced)"
   },
   "geometry": {
    "type": "MultiLineString",
    "coordinates": [
     [
      [
       18.6927461,
       45.5578656
      ],
      [
       18.6941828,
       45.5576079
      ]
     ],
     [
      [
       18.685972,
       45.5590689
      ],
      [
       18.6876209,
       45.5587636
      ]
     ],
     [
      [
       18.6888283,
       45.558551
      ],
      [
       18.6896475,
       45.5584064
      ]
     ],
     [
      [
       18.6896475,
       45.5584064
      ],
      [
       18.6908989,
       45.5581887
      ]
     ],
     [
      [
       18.6908989,
       45.5581887
      ],
      [
       18.6914343,
       45.5580923
      ]
     ],
     [
      [
       18.6914343,
       45.5580923
      ],
      [
       18.6927461,
       45.5578656
      ]
     ]
    ]
   }
  },
  {
   "type": "Feature",
   "properties": {
    "segment_id": "OS-Z2-M060",
    "name": "Ulica svete Ane",
    "segment_from": "",
    "segment_to": "",
    "location_type": "street_segment",
    "zone": "2",
    "municipal_status": "PAID",
    "hourly_price_eur": 0.6,
    "max_hours_per_day": "",
    "active_from": "2026-11-09",
    "currently_active": "NO",
    "weekday_hours": "07:00-21:00",
    "saturday_hours": "07:00-15:00",
    "sunday_holidays": "FREE",
    "grace_minutes": 15,
    "sms_number": "",
    "special_rule": "",
    "geometry_status": "MAPPED",
    "source_url": "https://web.gpp-osijek.com/parking/",
    "source_type": "OFFICIAL",
    "verified": "YES",
    "notes": "Grad Osijek najavio je naplatu u II. zoni oko 9. studenoga 2026.",
    "geometry_source": "OpenStreetMap (Overpass API) queried 2026-09-30",
    "geometry_method": "OSM road clipped to the stretch coloured on GPP map \"Sve zone parkiranja\" (georeferenced)"
   },
   "geometry": {
    "type": "MultiLineString",
    "coordinates": [
     [
      [
       18.6725905,
       45.5525107
      ],
      [
       18.6722566,
       45.5534073
      ],
      [
       18.6722164,
       45.5542248
      ]
     ],
     [
      [
       18.6720375,
       45.5562463
      ],
      [
       18.671822,
       45.5569537
      ],
      [
       18.6717818,
       45.5574542
      ],
      [
       18.6717925,
       45.5578232
      ],
      [
       18.6718442,
       45.5582861
      ],
      [
       18.671871,
       45.5590561
      ],
      [
       18.6720014,
       45.5599941
      ]
     ],
     [
      [
       18.672186,
       45.5548243
      ],
      [
       18.6721259,
       45.555678
      ]
     ],
     [
      [
       18.6720014,
       45.5599941
      ],
      [
       18.6720341,
       45.5600689
      ],
      [
       18.6720757,
       45.560108
      ],
      [
       18.6721337,
       45.5601307
      ],
      [
       18.6724401,
       45.560169
      ],
      [
       18.6729323,
       45.5602049
      ]
     ]
    ]
   }
  },
  {
   "type": "Feature",
   "properties": {
    "segment_id": "OS-Z2-M061",
    "name": "Vijenac Augusta Cesarca",
    "segment_from": "",
    "segment_to": "",
    "location_type": "street_segment",
    "zone": "2",
    "municipal_status": "PAID",
    "hourly_price_eur": 0.6,
    "max_hours_per_day": "",
    "active_from": "2026-11-09",
    "currently_active": "NO",
    "weekday_hours": "07:00-21:00",
    "saturday_hours": "07:00-15:00",
    "sunday_holidays": "FREE",
    "grace_minutes": 15,
    "sms_number": "",
    "special_rule": "",
    "geometry_status": "MAPPED",
    "source_url": "https://web.gpp-osijek.com/parking/",
    "source_type": "OFFICIAL",
    "verified": "YES",
    "notes": "Grad Osijek najavio je naplatu u II. zoni oko 9. studenoga 2026.",
    "geometry_source": "OpenStreetMap (Overpass API) queried 2026-09-30",
    "geometry_method": "OSM road clipped to the stretch coloured on GPP map \"Sve zone parkiranja\" (georeferenced)"
   },
   "geometry": {
    "type": "MultiLineString",
    "coordinates": [
     [
      [
       18.6648606,
       45.5628059
      ],
      [
       18.6648279,
       45.5628796
      ],
      [
       18.6648729,
       45.5637008
      ],
      [
       18.6649178,
       45.5640626
      ]
     ],
     [
      [
       18.6638259,
       45.5627911
      ],
      [
       18.6647288,
       45.5627727
      ],
      [
       18.6647926,
       45.5627786
      ],
      [
       18.6648606,
       45.5628059
      ],
      [
       18.6649172,
       45.562771
      ],
      [
       18.6663652,
       45.562268
      ],
      [
       18.6670712,
       45.5620858
      ],
      [
       18.6673421,
       45.5620334
      ],
      [
       18.6676863,
       45.5619989
      ],
      [
       18.6678133,
       45.5620161
      ],
      [
       18.6678707,
       45.5620679
      ],
      [
       18.6680899,
       45.5626105
      ],
      [
       18.6681234,
       45.5627351
      ],
      [
       18.6681171,
       45.5627855
      ],
      [
       18.6680954,
       45.562827
      ],
      [
       18.6680551,
       45.5628547
      ],
      [
       18.6677668,
       45.5629531
      ],
      [
       18.6674712,
       45.5631213
      ],
      [
       18.6673633,
       45.5631431
      ],
      [
       18.6648455,
       45.5632431
      ]
     ],
     [
      [
       18.6663557,
       45.5631845
      ],
      [
       18.666432,
       45.5633624
      ],
      [
       18.6664752,
       45.5633927
      ],
      [
       18.6669432,
       45.5633817
      ]
     ],
     [
      [
       18.6673421,
       45.5620334
      ],
      [
       18.6671948,
       45.5615423
      ],
      [
       18.6672001,
       45.5615107
      ],
      [
       18.6672542,
       45.5614927
      ],
      [
       18.6674845,
       45.5614661
      ],
      [
       18.6680748,
       45.5614377
      ]
     ]
    ]
   }
  },
  {
   "type": "Feature",
   "properties": {
    "segment_id": "OS-Z2-M062",
    "name": "Vijenac Gorana Zobundžije",
    "segment_from": "",
    "segment_to": "",
    "location_type": "street_segment",
    "zone": "2",
    "municipal_status": "PAID",
    "hourly_price_eur": 0.6,
    "max_hours_per_day": "",
    "active_from": "2026-11-09",
    "currently_active": "NO",
    "weekday_hours": "07:00-21:00",
    "saturday_hours": "07:00-15:00",
    "sunday_holidays": "FREE",
    "grace_minutes": 15,
    "sms_number": "",
    "special_rule": "",
    "geometry_status": "MAPPED",
    "source_url": "https://web.gpp-osijek.com/parking/",
    "source_type": "OFFICIAL",
    "verified": "YES",
    "notes": "Grad Osijek najavio je naplatu u II. zoni oko 9. studenoga 2026.",
    "geometry_source": "OpenStreetMap (Overpass API) queried 2026-09-30",
    "geometry_method": "OSM road clipped to the stretch coloured on GPP map \"Sve zone parkiranja\" (georeferenced)"
   },
   "geometry": {
    "type": "LineString",
    "coordinates": [
     [
      18.6694469,
      45.5607772
     ],
     [
      18.6702364,
      45.5606614
     ],
     [
      18.6705252,
      45.5617927
     ],
     [
      18.6697317,
      45.5618971
     ],
     [
      18.6695389,
      45.5612288
     ],
     [
      18.6694469,
      45.5607772
     ]
    ]
   }
  },
  {
   "type": "Feature",
   "properties": {
    "segment_id": "OS-Z2-M063",
    "name": "Vijenac Ivana Mažuranića",
    "segment_from": "",
    "segment_to": "",
    "location_type": "street_segment",
    "zone": "2",
    "municipal_status": "PAID",
    "hourly_price_eur": 0.6,
    "max_hours_per_day": "",
    "active_from": "2026-11-09",
    "currently_active": "NO",
    "weekday_hours": "07:00-21:00",
    "saturday_hours": "07:00-15:00",
    "sunday_holidays": "FREE",
    "grace_minutes": 15,
    "sms_number": "",
    "special_rule": "",
    "geometry_status": "MAPPED",
    "source_url": "https://web.gpp-osijek.com/parking/",
    "source_type": "OFFICIAL",
    "verified": "YES",
    "notes": "Grad Osijek najavio je naplatu u II. zoni oko 9. studenoga 2026.",
    "geometry_source": "OpenStreetMap (Overpass API) queried 2026-09-30",
    "geometry_method": "OSM road clipped to the stretch coloured on GPP map \"Sve zone parkiranja\" (georeferenced)"
   },
   "geometry": {
    "type": "LineString",
    "coordinates": [
     [
      18.6866288,
      45.5616229
     ],
     [
      18.6866655,
      45.561503
     ],
     [
      18.6871446,
      45.5606402
     ],
     [
      18.6871568,
      45.5605509
     ],
     [
      18.6870805,
      45.560306
     ]
    ]
   }
  },
  {
   "type": "Feature",
   "properties": {
    "segment_id": "OS-Z2-M064",
    "name": "Vijenac Ivana Meštrovića",
    "segment_from": "",
    "segment_to": "",
    "location_type": "street_segment",
    "zone": "2",
    "municipal_status": "PAID",
    "hourly_price_eur": 0.6,
    "max_hours_per_day": "",
    "active_from": "2026-11-09",
    "currently_active": "NO",
    "weekday_hours": "07:00-21:00",
    "saturday_hours": "07:00-15:00",
    "sunday_holidays": "FREE",
    "grace_minutes": 15,
    "sms_number": "",
    "special_rule": "",
    "geometry_status": "MAPPED",
    "source_url": "https://web.gpp-osijek.com/parking/",
    "source_type": "OFFICIAL",
    "verified": "YES",
    "notes": "Grad Osijek najavio je naplatu u II. zoni oko 9. studenoga 2026.",
    "geometry_source": "OpenStreetMap (Overpass API) queried 2026-09-30",
    "geometry_method": "OSM road clipped to the stretch coloured on GPP map \"Sve zone parkiranja\" (georeferenced)"
   },
   "geometry": {
    "type": "MultiLineString",
    "coordinates": [
     [
      [
       18.7016808,
       45.5569738
      ],
      [
       18.7016333,
       45.5565915
      ],
      [
       18.7014918,
       45.5563923
      ]
     ],
     [
      [
       18.7012964,
       45.5561139
      ],
      [
       18.7009254,
       45.5555665
      ]
     ],
     [
      [
       18.7008187,
       45.5553493
      ],
      [
       18.7007142,
       45.5551394
      ],
      [
       18.7006768,
       45.5551064
      ],
      [
       18.700628,
       45.5550884
      ],
      [
       18.7001746,
       45.555099
      ]
     ],
     [
      [
       18.6996945,
       45.5570387
      ],
      [
       18.6996456,
       45.5564598
      ],
      [
       18.6996483,
       45.5563937
      ],
      [
       18.6996715,
       45.5563558
      ],
      [
       18.6997227,
       45.5563263
      ],
      [
       18.6998476,
       45.5562919
      ],
      [
       18.7001596,
       45.5562829
      ]
     ],
     [
      [
       18.7009958,
       45.5561088
      ],
      [
       18.7006819,
       45.5559197
      ],
      [
       18.700263,
       45.5557375
      ],
      [
       18.7002079,
       45.5556662
      ],
      [
       18.7001932,
       45.5555776
      ],
      [
       18.7001746,
       45.555099
      ],
      [
       18.6990544,
       45.5551252
      ]
     ],
     [
      [
       18.7016808,
       45.5569738
      ],
      [
       18.7017213,
       45.5577432
      ],
      [
       18.7017453,
       45.5577897
      ],
      [
       18.7017817,
       45.5578171
      ],
      [
       18.7026902,
       45.5577985
      ],
      [
       18.7027492,
       45.5578255
      ],
      [
       18.7027975,
       45.5583453
      ]
     ],
     [
      [
       18.6973035,
       45.5571649
      ],
      [
       18.697491,
       45.5571421
      ],
      [
       18.6982342,
       45.5571001
      ],
      [
       18.7008078,
       45.556993
      ],
      [
       18.7016808,
       45.5569738
      ]
     ],
     [
      [
       18.6990334,
       45.5547648
      ],
      [
       18.6990683,
       45.5555543
      ],
      [
       18.6990407,
       45.5555895
      ],
      [
       18.6989856,
       45.5556117
      ],
      [
       18.6986735,
       45.5556356
      ],
      [
       18.6986238,
       45.555666
      ],
      [
       18.6986204,
       45.5556904
      ],
      [
       18.6986784,
       45.5562782
      ],
      [
       18.6987476,
       45.5564058
      ],
      [
       18.6989663,
       45.5566207
      ],
      [
       18.6989825,
       45.5566833
      ],
      [
       18.6989827,
       45.5570679
      ]
     ]
    ]
   }
  },
  {
   "type": "Feature",
   "properties": {
    "segment_id": "OS-Z2-M065",
    "name": "Vijenac Ljube Babića",
    "segment_from": "",
    "segment_to": "",
    "location_type": "street_segment",
    "zone": "2",
    "municipal_status": "PAID",
    "hourly_price_eur": 0.6,
    "max_hours_per_day": "",
    "active_from": "2026-11-09",
    "currently_active": "NO",
    "weekday_hours": "07:00-21:00",
    "saturday_hours": "07:00-15:00",
    "sunday_holidays": "FREE",
    "grace_minutes": 15,
    "sms_number": "",
    "special_rule": "",
    "geometry_status": "MAPPED",
    "source_url": "https://web.gpp-osijek.com/parking/",
    "source_type": "OFFICIAL",
    "verified": "YES",
    "notes": "Grad Osijek najavio je naplatu u II. zoni oko 9. studenoga 2026.",
    "geometry_source": "OpenStreetMap (Overpass API) queried 2026-09-30",
    "geometry_method": "OSM road clipped to the stretch coloured on GPP map \"Sve zone parkiranja\" (georeferenced)"
   },
   "geometry": {
    "type": "LineString",
    "coordinates": [
     [
      18.6697145,
      45.5584804
     ],
     [
      18.6695042,
      45.5581416
     ],
     [
      18.6694718,
      45.558119
     ],
     [
      18.6693983,
      45.5580966
     ],
     [
      18.6693568,
      45.5581
     ],
     [
      18.669201,
      45.5581452
     ]
    ]
   }
  },
  {
   "type": "Feature",
   "properties": {
    "segment_id": "OS-Z2-M066",
    "name": "Vijenac Murse",
    "segment_from": "",
    "segment_to": "",
    "location_type": "street_segment",
    "zone": "2",
    "municipal_status": "PAID",
    "hourly_price_eur": 0.6,
    "max_hours_per_day": "",
    "active_from": "2026-11-09",
    "currently_active": "NO",
    "weekday_hours": "07:00-21:00",
    "saturday_hours": "07:00-15:00",
    "sunday_holidays": "FREE",
    "grace_minutes": 15,
    "sms_number": "",
    "special_rule": "",
    "geometry_status": "MAPPED",
    "source_url": "https://web.gpp-osijek.com/parking/",
    "source_type": "OFFICIAL",
    "verified": "YES",
    "notes": "Grad Osijek najavio je naplatu u II. zoni oko 9. studenoga 2026.",
    "geometry_source": "OpenStreetMap (Overpass API) queried 2026-09-30",
    "geometry_method": "OSM road clipped to the stretch coloured on GPP map \"Sve zone parkiranja\" (georeferenced)"
   },
   "geometry": {
    "type": "MultiLineString",
    "coordinates": [
     [
      [
       18.7192378,
       45.5552459
      ],
      [
       18.718704,
       45.5543933
      ],
      [
       18.7186379,
       45.5543466
      ],
      [
       18.7184932,
       45.5543114
      ],
      [
       18.7180837,
       45.5543784
      ],
      [
       18.7173326,
       45.5545396
      ],
      [
       18.7162843,
       45.5547328
      ],
      [
       18.7162676,
       45.5547716
      ],
      [
       18.7163237,
       45.5549711
      ]
     ],
     [
      [
       18.7156144,
       45.5550943
      ],
      [
       18.7163033,
       45.5549862
      ],
      [
       18.7163237,
       45.5549711
      ]
     ],
     [
      [
       18.7173326,
       45.5545396
      ],
      [
       18.7171433,
       45.5540626
      ]
     ]
    ]
   }
  },
  {
   "type": "Feature",
   "properties": {
    "segment_id": "OS-Z2-M067",
    "name": "Vukovarska cesta",
    "segment_from": "",
    "segment_to": "",
    "location_type": "street_segment",
    "zone": "2",
    "municipal_status": "PAID",
    "hourly_price_eur": 0.6,
    "max_hours_per_day": "",
    "active_from": "2026-11-09",
    "currently_active": "NO",
    "weekday_hours": "07:00-21:00",
    "saturday_hours": "07:00-15:00",
    "sunday_holidays": "FREE",
    "grace_minutes": 15,
    "sms_number": "",
    "special_rule": "",
    "geometry_status": "MAPPED",
    "source_url": "https://web.gpp-osijek.com/parking/",
    "source_type": "OFFICIAL",
    "verified": "YES",
    "notes": "Grad Osijek najavio je naplatu u II. zoni oko 9. studenoga 2026.",
    "geometry_source": "OpenStreetMap (Overpass API) queried 2026-09-30",
    "geometry_method": "OSM road clipped to the stretch coloured on GPP map \"Sve zone parkiranja\" (georeferenced)"
   },
   "geometry": {
    "type": "MultiLineString",
    "coordinates": [
     [
      [
       18.697648,
       45.5541684
      ],
      [
       18.6976428,
       45.5540558
      ],
      [
       18.6953528,
       45.5541272
      ]
     ],
     [
      [
       18.6953903,
       45.5543887
      ],
      [
       18.6968452,
       45.5543326
      ],
      [
       18.6969801,
       45.5543074
      ],
      [
       18.6976554,
       45.5542787
      ]
     ],
     [
      [
       18.6990316,
       45.5547297
      ],
      [
       18.6984171,
       45.5547511
      ]
     ],
     [
      [
       18.6970536,
       45.5548029
      ],
      [
       18.6963203,
       45.5548308
      ]
     ],
     [
      [
       18.6970367,
       45.554705
      ],
      [
       18.6968778,
       45.5546007
      ],
      [
       18.6968452,
       45.5543326
      ]
     ],
     [
      [
       18.7014968,
       45.5546403
      ],
      [
       18.7005913,
       45.5546748
      ]
     ],
     [
      [
       18.6984171,
       45.5547511
      ],
      [
       18.6970536,
       45.5548029
      ]
     ],
     [
      [
       18.6983975,
       45.5543703
      ],
      [
       18.6977014,
       45.5543886
      ],
      [
       18.6976597,
       45.5543521
      ],
      [
       18.697648,
       45.5541684
      ]
     ]
    ]
   }
  },
  {
   "type": "Feature",
   "properties": {
    "segment_id": "OS-Z2-M068",
    "name": "Zagrebačka ulica",
    "segment_from": "",
    "segment_to": "",
    "location_type": "street_segment",
    "zone": "2",
    "municipal_status": "PAID",
    "hourly_price_eur": 0.6,
    "max_hours_per_day": "",
    "active_from": "2026-11-09",
    "currently_active": "NO",
    "weekday_hours": "07:00-21:00",
    "saturday_hours": "07:00-15:00",
    "sunday_holidays": "FREE",
    "grace_minutes": 15,
    "sms_number": "",
    "special_rule": "",
    "geometry_status": "MAPPED",
    "source_url": "https://web.gpp-osijek.com/parking/",
    "source_type": "OFFICIAL",
    "verified": "YES",
    "notes": "Grad Osijek najavio je naplatu u II. zoni oko 9. studenoga 2026.",
    "geometry_source": "OpenStreetMap (Overpass API) queried 2026-09-30",
    "geometry_method": "OSM road clipped to the stretch coloured on GPP map \"Sve zone parkiranja\" (georeferenced)"
   },
   "geometry": {
    "type": "MultiLineString",
    "coordinates": [
     [
      [
       18.6883908,
       45.5547061
      ],
      [
       18.6883433,
       45.5550209
      ],
      [
       18.6883662,
       45.5551566
      ],
      [
       18.6885965,
       45.5555762
      ],
      [
       18.6888586,
       45.5561126
      ]
     ],
     [
      [
       18.689266,
       45.5572414
      ],
      [
       18.6899141,
       45.5591882
      ]
     ],
     [
      [
       18.6891196,
       45.5567841
      ],
      [
       18.689266,
       45.5572414
      ]
     ]
    ]
   }
  },
  {
   "type": "Feature",
   "properties": {
    "segment_id": "OS-Z0-M002",
    "name": "Parkiralište – Ulica Hrvatske Republike",
    "segment_from": "",
    "segment_to": "",
    "location_type": "parking_area",
    "zone": "0",
    "municipal_status": "PAID",
    "hourly_price_eur": 1.5,
    "max_hours_per_day": 3,
    "active_from": "2026-09-30",
    "currently_active": "YES",
    "weekday_hours": "07:00-21:00",
    "saturday_hours": "07:00-15:00",
    "sunday_holidays": "FREE",
    "grace_minutes": 15,
    "sms_number": "708310",
    "special_rule": "",
    "geometry_status": "MAPPED",
    "source_url": "https://web.gpp-osijek.com/parking/",
    "source_type": "OFFICIAL",
    "verified": "YES",
    "notes": "",
    "geometry_source": "OpenStreetMap (Overpass API) queried 2026-09-30",
    "geometry_method": "OSM parking area way 266632578 lying on the zone colour of GPP map \"Sve zone parkiranja\""
   },
   "geometry": {
    "type": "Polygon",
    "coordinates": [
     [
      [
       18.676346,
       45.5585288
      ],
      [
       18.6763424,
       45.558493
      ],
      [
       18.6769623,
       45.558462
      ],
      [
       18.6769659,
       45.5584977
      ],
      [
       18.676346,
       45.5585288
      ]
     ]
    ]
   }
  },
  {
   "type": "Feature",
   "properties": {
    "segment_id": "OS-Z0-M003",
    "name": "Parkiralište – Ulica Hrvatske Republike",
    "segment_from": "",
    "segment_to": "",
    "location_type": "parking_area",
    "zone": "0",
    "municipal_status": "PAID",
    "hourly_price_eur": 1.5,
    "max_hours_per_day": 3,
    "active_from": "2026-09-30",
    "currently_active": "YES",
    "weekday_hours": "07:00-21:00",
    "saturday_hours": "07:00-15:00",
    "sunday_holidays": "FREE",
    "grace_minutes": 15,
    "sms_number": "708310",
    "special_rule": "",
    "geometry_status": "MAPPED",
    "source_url": "https://web.gpp-osijek.com/parking/",
    "source_type": "OFFICIAL",
    "verified": "YES",
    "notes": "",
    "geometry_source": "OpenStreetMap (Overpass API) queried 2026-09-30",
    "geometry_method": "OSM parking area way 266632580 lying on the zone colour of GPP map \"Sve zone parkiranja\""
   },
   "geometry": {
    "type": "Polygon",
    "coordinates": [
     [
      [
       18.6785156,
       45.5584526
      ],
      [
       18.6785116,
       45.5584099
      ],
      [
       18.6794562,
       45.5583667
      ],
      [
       18.6794602,
       45.5584095
      ],
      [
       18.6785156,
       45.5584526
      ]
     ]
    ]
   }
  },
  {
   "type": "Feature",
   "properties": {
    "segment_id": "OS-Z0-M004",
    "name": "Parkiralište – Ulica Hrvatske Republike",
    "segment_from": "",
    "segment_to": "",
    "location_type": "parking_area",
    "zone": "0",
    "municipal_status": "PAID",
    "hourly_price_eur": 1.5,
    "max_hours_per_day": 3,
    "active_from": "2026-09-30",
    "currently_active": "YES",
    "weekday_hours": "07:00-21:00",
    "saturday_hours": "07:00-15:00",
    "sunday_holidays": "FREE",
    "grace_minutes": 15,
    "sms_number": "708310",
    "special_rule": "",
    "geometry_status": "MAPPED",
    "source_url": "https://web.gpp-osijek.com/parking/",
    "source_type": "OFFICIAL",
    "verified": "YES",
    "notes": "",
    "geometry_source": "OpenStreetMap (Overpass API) queried 2026-09-30",
    "geometry_method": "OSM parking area way 1562255420 lying on the zone colour of GPP map \"Sve zone parkiranja\""
   },
   "geometry": {
    "type": "Polygon",
    "coordinates": [
     [
      [
       18.6762884,
       45.5583825
      ],
      [
       18.6762851,
       45.5583482
      ],
      [
       18.6769414,
       45.5583172
      ],
      [
       18.6769447,
       45.5583517
      ],
      [
       18.6762884,
       45.5583825
      ]
     ]
    ]
   }
  },
  {
   "type": "Feature",
   "properties": {
    "segment_id": "OS-Z0-M005",
    "name": "Parkiralište – Ulica Hrvatske Republike",
    "segment_from": "",
    "segment_to": "",
    "location_type": "parking_area",
    "zone": "0",
    "municipal_status": "PAID",
    "hourly_price_eur": 1.5,
    "max_hours_per_day": 3,
    "active_from": "2026-09-30",
    "currently_active": "YES",
    "weekday_hours": "07:00-21:00",
    "saturday_hours": "07:00-15:00",
    "sunday_holidays": "FREE",
    "grace_minutes": 15,
    "sms_number": "708310",
    "special_rule": "",
    "geometry_status": "MAPPED",
    "source_url": "https://web.gpp-osijek.com/parking/",
    "source_type": "OFFICIAL",
    "verified": "YES",
    "notes": "",
    "geometry_source": "OpenStreetMap (Overpass API) queried 2026-09-30",
    "geometry_method": "OSM parking area way 1562255424 lying on the zone colour of GPP map \"Sve zone parkiranja\""
   },
   "geometry": {
    "type": "Polygon",
    "coordinates": [
     [
      [
       18.6771828,
       45.5583393
      ],
      [
       18.6771792,
       45.5583029
      ],
      [
       18.6778946,
       45.5582681
      ],
      [
       18.6778982,
       45.5583047
      ],
      [
       18.6771828,
       45.5583393
      ]
     ]
    ]
   }
  },
  {
   "type": "Feature",
   "properties": {
    "segment_id": "OS-Z0-M006",
    "name": "Parkiralište – Ulica Hrvatske Republike",
    "segment_from": "",
    "segment_to": "",
    "location_type": "parking_area",
    "zone": "0",
    "municipal_status": "PAID",
    "hourly_price_eur": 1.5,
    "max_hours_per_day": 3,
    "active_from": "2026-09-30",
    "currently_active": "YES",
    "weekday_hours": "07:00-21:00",
    "saturday_hours": "07:00-15:00",
    "sunday_holidays": "FREE",
    "grace_minutes": 15,
    "sms_number": "708310",
    "special_rule": "",
    "geometry_status": "MAPPED",
    "source_url": "https://web.gpp-osijek.com/parking/",
    "source_type": "OFFICIAL",
    "verified": "YES",
    "notes": "",
    "geometry_source": "OpenStreetMap (Overpass API) queried 2026-09-30",
    "geometry_method": "OSM parking area way 1562255425 lying on the zone colour of GPP map \"Sve zone parkiranja\""
   },
   "geometry": {
    "type": "Polygon",
    "coordinates": [
     [
      [
       18.6779621,
       45.5583027
      ],
      [
       18.6779583,
       45.5582608
      ],
      [
       18.6782597,
       45.5582473
      ],
      [
       18.6782635,
       45.5582894
      ],
      [
       18.6779621,
       45.5583027
      ]
     ]
    ]
   }
  },
  {
   "type": "Feature",
   "properties": {
    "segment_id": "OS-Z0-M007",
    "name": "Parkiralište – Šetalište Vjekoslava Hengla",
    "segment_from": "",
    "segment_to": "",
    "location_type": "parking_area",
    "zone": "0",
    "municipal_status": "PAID",
    "hourly_price_eur": 1.5,
    "max_hours_per_day": 3,
    "active_from": "2026-09-30",
    "currently_active": "YES",
    "weekday_hours": "07:00-21:00",
    "saturday_hours": "07:00-15:00",
    "sunday_holidays": "FREE",
    "grace_minutes": 15,
    "sms_number": "708310",
    "special_rule": "",
    "geometry_status": "MAPPED",
    "source_url": "https://web.gpp-osijek.com/parking/",
    "source_type": "OFFICIAL",
    "verified": "YES",
    "notes": "",
    "geometry_source": "OpenStreetMap (Overpass API) queried 2026-09-30",
    "geometry_method": "OSM parking area way 555277784 lying on the zone colour of GPP map \"Sve zone parkiranja\""
   },
   "geometry": {
    "type": "Polygon",
    "coordinates": [
     [
      [
       18.6823942,
       45.5619584
      ],
      [
       18.6823337,
       45.5619564
      ],
      [
       18.6823513,
       45.5616916
      ],
      [
       18.6824119,
       45.5616935
      ],
      [
       18.6823942,
       45.5619584
      ]
     ]
    ]
   }
  },
  {
   "type": "Feature",
   "properties": {
    "segment_id": "OS-Z0-M008",
    "name": "Parkiralište – Županijska ulica",
    "segment_from": "",
    "segment_to": "",
    "location_type": "parking_area",
    "zone": "0",
    "municipal_status": "PAID",
    "hourly_price_eur": 1.5,
    "max_hours_per_day": 3,
    "active_from": "2026-09-30",
    "currently_active": "YES",
    "weekday_hours": "07:00-21:00",
    "saturday_hours": "07:00-15:00",
    "sunday_holidays": "FREE",
    "grace_minutes": 15,
    "sms_number": "708310",
    "special_rule": "",
    "geometry_status": "MAPPED",
    "source_url": "https://web.gpp-osijek.com/parking/",
    "source_type": "OFFICIAL",
    "verified": "YES",
    "notes": "",
    "geometry_source": "OpenStreetMap (Overpass API) queried 2026-09-30",
    "geometry_method": "OSM parking area way 38483540 lying on the zone colour of GPP map \"Sve zone parkiranja\""
   },
   "geometry": {
    "type": "Polygon",
    "coordinates": [
     [
      [
       18.6777355,
       45.5595159
      ],
      [
       18.6777295,
       45.5593774
      ],
      [
       18.6773287,
       45.5593859
      ],
      [
       18.6773346,
       45.5595243
      ],
      [
       18.6777355,
       45.5595159
      ]
     ]
    ]
   }
  },
  {
   "type": "Feature",
   "properties": {
    "segment_id": "OS-Z0-M009",
    "name": "Parkiralište – Županijska ulica",
    "segment_from": "",
    "segment_to": "",
    "location_type": "parking_area",
    "zone": "0",
    "municipal_status": "PAID",
    "hourly_price_eur": 1.5,
    "max_hours_per_day": 3,
    "active_from": "2026-09-30",
    "currently_active": "YES",
    "weekday_hours": "07:00-21:00",
    "saturday_hours": "07:00-15:00",
    "sunday_holidays": "FREE",
    "grace_minutes": 15,
    "sms_number": "708310",
    "special_rule": "",
    "geometry_status": "MAPPED",
    "source_url": "https://web.gpp-osijek.com/parking/",
    "source_type": "OFFICIAL",
    "verified": "YES",
    "notes": "",
    "geometry_source": "OpenStreetMap (Overpass API) queried 2026-09-30",
    "geometry_method": "OSM parking area way 1562255410 lying on the zone colour of GPP map \"Sve zone parkiranja\""
   },
   "geometry": {
    "type": "Polygon",
    "coordinates": [
     [
      [
       18.6761459,
       45.5601649
      ],
      [
       18.6760597,
       45.5597205
      ],
      [
       18.6761226,
       45.5597145
      ],
      [
       18.6762087,
       45.560159
      ],
      [
       18.6761459,
       45.5601649
      ]
     ]
    ]
   }
  },
  {
   "type": "Feature",
   "properties": {
    "segment_id": "OS-Z0-M010",
    "name": "Parkiralište – Županijska ulica",
    "segment_from": "",
    "segment_to": "",
    "location_type": "parking_area",
    "zone": "0",
    "municipal_status": "PAID",
    "hourly_price_eur": 1.5,
    "max_hours_per_day": 3,
    "active_from": "2026-09-30",
    "currently_active": "YES",
    "weekday_hours": "07:00-21:00",
    "saturday_hours": "07:00-15:00",
    "sunday_holidays": "FREE",
    "grace_minutes": 15,
    "sms_number": "708310",
    "special_rule": "",
    "geometry_status": "MAPPED",
    "source_url": "https://web.gpp-osijek.com/parking/",
    "source_type": "OFFICIAL",
    "verified": "YES",
    "notes": "",
    "geometry_source": "OpenStreetMap (Overpass API) queried 2026-09-30",
    "geometry_method": "OSM parking area way 1562255411 lying on the zone colour of GPP map \"Sve zone parkiranja\""
   },
   "geometry": {
    "type": "Polygon",
    "coordinates": [
     [
      [
       18.6760148,
       45.5595005
      ],
      [
       18.6759879,
       45.5593375
      ],
      [
       18.6760442,
       45.5593494
      ],
      [
       18.6760755,
       45.5595119
      ],
      [
       18.6760148,
       45.5595005
      ]
     ]
    ]
   }
  },
  {
   "type": "Feature",
   "properties": {
    "segment_id": "OS-Z1-M037",
    "name": "Parkiralište – Europska avenija",
    "segment_from": "",
    "segment_to": "",
    "location_type": "parking_area",
    "zone": "1",
    "municipal_status": "PAID",
    "hourly_price_eur": 1.0,
    "max_hours_per_day": "",
    "active_from": "2026-09-30",
    "currently_active": "YES",
    "weekday_hours": "07:00-21:00",
    "saturday_hours": "07:00-15:00",
    "sunday_holidays": "FREE",
    "grace_minutes": 15,
    "sms_number": "708311",
    "special_rule": "",
    "geometry_status": "MAPPED",
    "source_url": "https://web.gpp-osijek.com/parking/",
    "source_type": "OFFICIAL",
    "verified": "YES",
    "notes": "",
    "geometry_source": "OpenStreetMap (Overpass API) queried 2026-09-30",
    "geometry_method": "OSM parking area way 597869419 lying on the zone colour of GPP map \"Sve zone parkiranja\""
   },
   "geometry": {
    "type": "Polygon",
    "coordinates": [
     [
      [
       18.6842573,
       45.5607012
      ],
      [
       18.6849086,
       45.5605886
      ],
      [
       18.6849007,
       45.5605663
      ],
      [
       18.6842494,
       45.5606789
      ],
      [
       18.6842573,
       45.5607012
      ]
     ]
    ]
   }
  },
  {
   "type": "Feature",
   "properties": {
    "segment_id": "OS-Z1-M038",
    "name": "Parkiralište – Europska avenija",
    "segment_from": "",
    "segment_to": "",
    "location_type": "parking_area",
    "zone": "1",
    "municipal_status": "PAID",
    "hourly_price_eur": 1.0,
    "max_hours_per_day": "",
    "active_from": "2026-09-30",
    "currently_active": "YES",
    "weekday_hours": "07:00-21:00",
    "saturday_hours": "07:00-15:00",
    "sunday_holidays": "FREE",
    "grace_minutes": 15,
    "sms_number": "708311",
    "special_rule": "",
    "geometry_status": "MAPPED",
    "source_url": "https://web.gpp-osijek.com/parking/",
    "source_type": "OFFICIAL",
    "verified": "YES",
    "notes": "",
    "geometry_source": "OpenStreetMap (Overpass API) queried 2026-09-30",
    "geometry_method": "OSM parking area way 597869420 lying on the zone colour of GPP map \"Sve zone parkiranja\""
   },
   "geometry": {
    "type": "Polygon",
    "coordinates": [
     [
      [
       18.6832689,
       45.5608818
      ],
      [
       18.684182,
       45.5607169
      ],
      [
       18.6841721,
       45.5606856
      ],
      [
       18.6832524,
       45.5608523
      ],
      [
       18.6832689,
       45.5608818
      ]
     ]
    ]
   }
  },
  {
   "type": "Feature",
   "properties": {
    "segment_id": "OS-Z1-M039",
    "name": "Parkiralište – Europska avenija",
    "segment_from": "",
    "segment_to": "",
    "location_type": "parking_area",
    "zone": "1",
    "municipal_status": "PAID",
    "hourly_price_eur": 1.0,
    "max_hours_per_day": "",
    "active_from": "2026-09-30",
    "currently_active": "YES",
    "weekday_hours": "07:00-21:00",
    "saturday_hours": "07:00-15:00",
    "sunday_holidays": "FREE",
    "grace_minutes": 15,
    "sms_number": "708311",
    "special_rule": "",
    "geometry_status": "MAPPED",
    "source_url": "https://web.gpp-osijek.com/parking/",
    "source_type": "OFFICIAL",
    "verified": "YES",
    "notes": "",
    "geometry_source": "OpenStreetMap (Overpass API) queried 2026-09-30",
    "geometry_method": "OSM parking area way 597869422 lying on the zone colour of GPP map \"Sve zone parkiranja\""
   },
   "geometry": {
    "type": "Polygon",
    "coordinates": [
     [
      [
       18.683014,
       45.5609129
      ],
      [
       18.6831522,
       45.5608883
      ],
      [
       18.6831443,
       45.5608666
      ],
      [
       18.6829516,
       45.5609009
      ],
      [
       18.683014,
       45.5609129
      ]
     ]
    ]
   }
  },
  {
   "type": "Feature",
   "properties": {
    "segment_id": "OS-Z1-M040",
    "name": "Parkiralište – Gornjodravska obala",
    "segment_from": "",
    "segment_to": "",
    "location_type": "parking_area",
    "zone": "1",
    "municipal_status": "PAID",
    "hourly_price_eur": 1.0,
    "max_hours_per_day": "",
    "active_from": "2026-09-30",
    "currently_active": "YES",
    "weekday_hours": "07:00-21:00",
    "saturday_hours": "07:00-15:00",
    "sunday_holidays": "FREE",
    "grace_minutes": 15,
    "sms_number": "708311",
    "special_rule": "",
    "geometry_status": "MAPPED",
    "source_url": "https://web.gpp-osijek.com/parking/",
    "source_type": "OFFICIAL",
    "verified": "YES",
    "notes": "",
    "geometry_source": "OpenStreetMap (Overpass API) queried 2026-09-30",
    "geometry_method": "OSM parking area way 76035978 lying on the zone colour of GPP map \"Sve zone parkiranja\""
   },
   "geometry": {
    "type": "Polygon",
    "coordinates": [
     [
      [
       18.6750883,
       45.5638669
      ],
      [
       18.6755581,
       45.563785
      ],
      [
       18.675604,
       45.563777
      ],
      [
       18.6759167,
       45.5637225
      ],
      [
       18.6758777,
       45.5635261
      ],
      [
       18.6750193,
       45.5636728
      ],
      [
       18.6750883,
       45.5638669
      ]
     ]
    ]
   }
  },
  {
   "type": "Feature",
   "properties": {
    "segment_id": "OS-Z1-M041",
    "name": "Parkiralište – Gornjodravska obala",
    "segment_from": "",
    "segment_to": "",
    "location_type": "parking_area",
    "zone": "1",
    "municipal_status": "PAID",
    "hourly_price_eur": 1.0,
    "max_hours_per_day": "",
    "active_from": "2026-09-30",
    "currently_active": "YES",
    "weekday_hours": "07:00-21:00",
    "saturday_hours": "07:00-15:00",
    "sunday_holidays": "FREE",
    "grace_minutes": 15,
    "sms_number": "708311",
    "special_rule": "",
    "geometry_status": "MAPPED",
    "source_url": "https://web.gpp-osijek.com/parking/",
    "source_type": "OFFICIAL",
    "verified": "YES",
    "notes": "",
    "geometry_source": "OpenStreetMap (Overpass API) queried 2026-09-30",
    "geometry_method": "OSM parking area way 76035979 lying on the zone colour of GPP map \"Sve zone parkiranja\""
   },
   "geometry": {
    "type": "Polygon",
    "coordinates": [
     [
      [
       18.6730768,
       45.5643947
      ],
      [
       18.6729038,
       45.5644438
      ],
      [
       18.6726601,
       45.5645128
      ],
      [
       18.6725025,
       45.5645575
      ],
      [
       18.6724144,
       45.5644052
      ],
      [
       18.6729886,
       45.5642424
      ],
      [
       18.6730768,
       45.5643947
      ]
     ]
    ]
   }
  },
  {
   "type": "Feature",
   "properties": {
    "segment_id": "OS-Z1-M042",
    "name": "Parkiralište – Gornjodravska obala",
    "segment_from": "",
    "segment_to": "",
    "location_type": "parking_area",
    "zone": "1",
    "municipal_status": "PAID",
    "hourly_price_eur": 1.0,
    "max_hours_per_day": "",
    "active_from": "2026-09-30",
    "currently_active": "YES",
    "weekday_hours": "07:00-21:00",
    "saturday_hours": "07:00-15:00",
    "sunday_holidays": "FREE",
    "grace_minutes": 15,
    "sms_number": "708311",
    "special_rule": "",
    "geometry_status": "MAPPED",
    "source_url": "https://web.gpp-osijek.com/parking/",
    "source_type": "OFFICIAL",
    "verified": "YES",
    "notes": "",
    "geometry_source": "OpenStreetMap (Overpass API) queried 2026-09-30",
    "geometry_method": "OSM parking area way 76035983 lying on the zone colour of GPP map \"Sve zone parkiranja\""
   },
   "geometry": {
    "type": "Polygon",
    "coordinates": [
     [
      [
       18.6762187,
       45.5632759
      ],
      [
       18.6757979,
       45.5633088
      ],
      [
       18.6758183,
       45.5634368
      ],
      [
       18.6762391,
       45.5634039
      ],
      [
       18.6762187,
       45.5632759
      ]
     ]
    ]
   }
  },
  {
   "type": "Feature",
   "properties": {
    "segment_id": "OS-Z1-M043",
    "name": "Parkiralište – Gornjodravska obala",
    "segment_from": "",
    "segment_to": "",
    "location_type": "parking_area",
    "zone": "1",
    "municipal_status": "PAID",
    "hourly_price_eur": 1.0,
    "max_hours_per_day": "",
    "active_from": "2026-09-30",
    "currently_active": "YES",
    "weekday_hours": "07:00-21:00",
    "saturday_hours": "07:00-15:00",
    "sunday_holidays": "FREE",
    "grace_minutes": 15,
    "sms_number": "708311",
    "special_rule": "",
    "geometry_status": "MAPPED",
    "source_url": "https://web.gpp-osijek.com/parking/",
    "source_type": "OFFICIAL",
    "verified": "YES",
    "notes": "",
    "geometry_source": "OpenStreetMap (Overpass API) queried 2026-09-30",
    "geometry_method": "OSM parking area way 76035988 lying on the zone colour of GPP map \"Sve zone parkiranja\""
   },
   "geometry": {
    "type": "Polygon",
    "coordinates": [
     [
      [
       18.6735347,
       45.5642571
      ],
      [
       18.6741327,
       45.5640888
      ],
      [
       18.6740436,
       45.5639338
      ],
      [
       18.6734457,
       45.5641021
      ],
      [
       18.6735347,
       45.5642571
      ]
     ]
    ]
   }
  },
  {
   "type": "Feature",
   "properties": {
    "segment_id": "OS-Z1-M044",
    "name": "Parkiralište – Gornjodravska obala",
    "segment_from": "",
    "segment_to": "",
    "location_type": "parking_area",
    "zone": "1",
    "municipal_status": "PAID",
    "hourly_price_eur": 1.0,
    "max_hours_per_day": "",
    "active_from": "2026-09-30",
    "currently_active": "YES",
    "weekday_hours": "07:00-21:00",
    "saturday_hours": "07:00-15:00",
    "sunday_holidays": "FREE",
    "grace_minutes": 15,
    "sms_number": "708311",
    "special_rule": "",
    "geometry_status": "MAPPED",
    "source_url": "https://web.gpp-osijek.com/parking/",
    "source_type": "OFFICIAL",
    "verified": "YES",
    "notes": "",
    "geometry_source": "OpenStreetMap (Overpass API) queried 2026-09-30",
    "geometry_method": "OSM parking area way 646452472 lying on the zone colour of GPP map \"Sve zone parkiranja\""
   },
   "geometry": {
    "type": "Polygon",
    "coordinates": [
     [
      [
       18.67622,
       45.5628317
      ],
      [
       18.6761388,
       45.5625815
      ],
      [
       18.6764053,
       45.5625391
      ],
      [
       18.6764991,
       45.562828
      ],
      [
       18.6764429,
       45.562837
      ],
      [
       18.6764303,
       45.5627982
      ],
      [
       18.67622,
       45.5628317
      ]
     ]
    ]
   }
  },
  {
   "type": "Feature",
   "properties": {
    "segment_id": "OS-Z1-M045",
    "name": "Parkiralište – Gornjodravska obala",
    "segment_from": "",
    "segment_to": "",
    "location_type": "parking_area",
    "zone": "1",
    "municipal_status": "PAID",
    "hourly_price_eur": 1.0,
    "max_hours_per_day": "",
    "active_from": "2026-09-30",
    "currently_active": "YES",
    "weekday_hours": "07:00-21:00",
    "saturday_hours": "07:00-15:00",
    "sunday_holidays": "FREE",
    "grace_minutes": 15,
    "sms_number": "708311",
    "special_rule": "",
    "geometry_status": "MAPPED",
    "source_url": "https://web.gpp-osijek.com/parking/",
    "source_type": "OFFICIAL",
    "verified": "YES",
    "notes": "",
    "geometry_source": "OpenStreetMap (Overpass API) queried 2026-09-30",
    "geometry_method": "OSM parking area way 646452474 lying on the zone colour of GPP map \"Sve zone parkiranja\""
   },
   "geometry": {
    "type": "Polygon",
    "coordinates": [
     [
      [
       18.6745134,
       45.5636566
      ],
      [
       18.6741927,
       45.5629669
      ],
      [
       18.6741287,
       45.5629814
      ],
      [
       18.6744494,
       45.5636711
      ],
      [
       18.6745134,
       45.5636566
      ]
     ]
    ]
   }
  },
  {
   "type": "Feature",
   "properties": {
    "segment_id": "OS-Z1-M046",
    "name": "Parkiralište – Gornjodravska obala",
    "segment_from": "",
    "segment_to": "",
    "location_type": "parking_area",
    "zone": "1",
    "municipal_status": "PAID",
    "hourly_price_eur": 1.0,
    "max_hours_per_day": "",
    "active_from": "2026-09-30",
    "currently_active": "YES",
    "weekday_hours": "07:00-21:00",
    "saturday_hours": "07:00-15:00",
    "sunday_holidays": "FREE",
    "grace_minutes": 15,
    "sms_number": "708311",
    "special_rule": "",
    "geometry_status": "MAPPED",
    "source_url": "https://web.gpp-osijek.com/parking/",
    "source_type": "OFFICIAL",
    "verified": "YES",
    "notes": "",
    "geometry_source": "OpenStreetMap (Overpass API) queried 2026-09-30",
    "geometry_method": "OSM parking area way 1253622025 lying on the zone colour of GPP map \"Sve zone parkiranja\""
   },
   "geometry": {
    "type": "Polygon",
    "coordinates": [
     [
      [
       18.6734958,
       45.5638838
      ],
      [
       18.6733229,
       45.5635606
      ],
      [
       18.673225,
       45.5634067
      ],
      [
       18.67328,
       45.5633899
      ],
      [
       18.6731393,
       45.5631367
      ],
      [
       18.673272,
       45.5631001
      ],
      [
       18.673653,
       45.5638312
      ],
      [
       18.6735413,
       45.5638685
      ],
      [
       18.6734958,
       45.5638838
      ]
     ]
    ]
   }
  },
  {
   "type": "Feature",
   "properties": {
    "segment_id": "OS-Z1-M047",
    "name": "Parkiralište – Trg bana Josipa Jelačića",
    "segment_from": "",
    "segment_to": "",
    "location_type": "parking_area",
    "zone": "1",
    "municipal_status": "PAID",
    "hourly_price_eur": 1.0,
    "max_hours_per_day": "",
    "active_from": "2026-09-30",
    "currently_active": "YES",
    "weekday_hours": "07:00-21:00",
    "saturday_hours": "07:00-15:00",
    "sunday_holidays": "FREE",
    "grace_minutes": 15,
    "sms_number": "708311",
    "special_rule": "",
    "geometry_status": "MAPPED",
    "source_url": "https://web.gpp-osijek.com/parking/",
    "source_type": "OFFICIAL",
    "verified": "YES",
    "notes": "",
    "geometry_source": "OpenStreetMap (Overpass API) queried 2026-09-30",
    "geometry_method": "OSM parking area way 555002786 lying on the zone colour of GPP map \"Sve zone parkiranja\""
   },
   "geometry": {
    "type": "Polygon",
    "coordinates": [
     [
      [
       18.7172295,
       45.5560135
      ],
      [
       18.7172151,
       45.5559626
      ],
      [
       18.7181412,
       45.555861
      ],
      [
       18.7183368,
       45.5558549
      ],
      [
       18.719212,
       45.5560816
      ],
      [
       18.7191901,
       45.5561227
      ],
      [
       18.7183113,
       45.5559051
      ],
      [
       18.7181412,
       45.5559055
      ],
      [
       18.7172295,
       45.5560135
      ]
     ]
    ]
   }
  },
  {
   "type": "Feature",
   "properties": {
    "segment_id": "OS-Z1-M048",
    "name": "Parkiralište – Trg bana Josipa Jelačića",
    "segment_from": "",
    "segment_to": "",
    "location_type": "parking_area",
    "zone": "1",
    "municipal_status": "PAID",
    "hourly_price_eur": 1.0,
    "max_hours_per_day": "",
    "active_from": "2026-09-30",
    "currently_active": "YES",
    "weekday_hours": "07:00-21:00",
    "saturday_hours": "07:00-15:00",
    "sunday_holidays": "FREE",
    "grace_minutes": 15,
    "sms_number": "708311",
    "special_rule": "",
    "geometry_status": "MAPPED",
    "source_url": "https://web.gpp-osijek.com/parking/",
    "source_type": "OFFICIAL",
    "verified": "YES",
    "notes": "",
    "geometry_source": "OpenStreetMap (Overpass API) queried 2026-09-30",
    "geometry_method": "OSM parking area way 917103420 lying on the zone colour of GPP map \"Sve zone parkiranja\""
   },
   "geometry": {
    "type": "Polygon",
    "coordinates": [
     [
      [
       18.719695,
       45.556178
      ],
      [
       18.720058,
       45.5555303
      ],
      [
       18.7201344,
       45.5555513
      ],
      [
       18.7197712,
       45.556199
      ],
      [
       18.719695,
       45.556178
      ]
     ]
    ]
   }
  },
  {
   "type": "Feature",
   "properties": {
    "segment_id": "OS-Z1-M049",
    "name": "Parkiralište – Ulica Bartula Kašića",
    "segment_from": "",
    "segment_to": "",
    "location_type": "parking_area",
    "zone": "1",
    "municipal_status": "PAID",
    "hourly_price_eur": 1.0,
    "max_hours_per_day": "",
    "active_from": "2026-09-30",
    "currently_active": "YES",
    "weekday_hours": "07:00-21:00",
    "saturday_hours": "07:00-15:00",
    "sunday_holidays": "FREE",
    "grace_minutes": 15,
    "sms_number": "708311",
    "special_rule": "",
    "geometry_status": "MAPPED",
    "source_url": "https://web.gpp-osijek.com/parking/",
    "source_type": "OFFICIAL",
    "verified": "YES",
    "notes": "",
    "geometry_source": "OpenStreetMap (Overpass API) queried 2026-09-30",
    "geometry_method": "OSM parking area way 555575502 lying on the zone colour of GPP map \"Sve zone parkiranja\""
   },
   "geometry": {
    "type": "Polygon",
    "coordinates": [
     [
      [
       18.6857816,
       45.5533768
      ],
      [
       18.6857876,
       45.5533288
      ],
      [
       18.6862002,
       45.5533539
      ],
      [
       18.6861943,
       45.5534018
      ],
      [
       18.6857816,
       45.5533768
      ]
     ]
    ]
   }
  },
  {
   "type": "Feature",
   "properties": {
    "segment_id": "OS-Z1-M050",
    "name": "Parkiralište – Ulica Hrvatske Republike",
    "segment_from": "",
    "segment_to": "",
    "location_type": "parking_area",
    "zone": "1",
    "municipal_status": "PAID",
    "hourly_price_eur": 1.0,
    "max_hours_per_day": "",
    "active_from": "2026-09-30",
    "currently_active": "YES",
    "weekday_hours": "07:00-21:00",
    "saturday_hours": "07:00-15:00",
    "sunday_holidays": "FREE",
    "grace_minutes": 15,
    "sms_number": "708311",
    "special_rule": "",
    "geometry_status": "MAPPED",
    "source_url": "https://web.gpp-osijek.com/parking/",
    "source_type": "OFFICIAL",
    "verified": "YES",
    "notes": "",
    "geometry_source": "OpenStreetMap (Overpass API) queried 2026-09-30",
    "geometry_method": "OSM parking area way 30117979 lying on the zone colour of GPP map \"Sve zone parkiranja\""
   },
   "geometry": {
    "type": "Polygon",
    "coordinates": [
     [
      [
       18.6796092,
       45.5579967
      ],
      [
       18.6795985,
       45.5574498
      ],
      [
       18.680404,
       45.5574641
      ],
      [
       18.6803952,
       45.5575713
      ],
      [
       18.6801452,
       45.557575
      ],
      [
       18.680133,
       45.5576102
      ],
      [
       18.6801268,
       45.5577463
      ],
      [
       18.6799505,
       45.5577519
      ],
      [
       18.6799611,
       45.5579885
      ],
      [
       18.6796092,
       45.5579967
      ]
     ]
    ]
   }
  },
  {
   "type": "Feature",
   "properties": {
    "segment_id": "OS-Z1-M051",
    "name": "Parkiralište – Ulica Hrvatske Republike",
    "segment_from": "",
    "segment_to": "",
    "location_type": "parking_area",
    "zone": "1",
    "municipal_status": "PAID",
    "hourly_price_eur": 1.0,
    "max_hours_per_day": "",
    "active_from": "2026-09-30",
    "currently_active": "YES",
    "weekday_hours": "07:00-21:00",
    "saturday_hours": "07:00-15:00",
    "sunday_holidays": "FREE",
    "grace_minutes": 15,
    "sms_number": "708311",
    "special_rule": "",
    "geometry_status": "MAPPED",
    "source_url": "https://web.gpp-osijek.com/parking/",
    "source_type": "OFFICIAL",
    "verified": "YES",
    "notes": "",
    "geometry_source": "OpenStreetMap (Overpass API) queried 2026-09-30",
    "geometry_method": "OSM parking area way 38482548 lying on the zone colour of GPP map \"Sve zone parkiranja\""
   },
   "geometry": {
    "type": "Polygon",
    "coordinates": [
     [
      [
       18.6767751,
       45.558109
      ],
      [
       18.6767576,
       45.5578627
      ],
      [
       18.6770692,
       45.5578519
      ],
      [
       18.6770867,
       45.5580981
      ],
      [
       18.6767751,
       45.558109
      ]
     ]
    ]
   }
  },
  {
   "type": "Feature",
   "properties": {
    "segment_id": "OS-Z1-M052",
    "name": "Parkiralište – Ulica Ivana Gundulića",
    "segment_from": "",
    "segment_to": "",
    "location_type": "parking_area",
    "zone": "1",
    "municipal_status": "PAID",
    "hourly_price_eur": 1.0,
    "max_hours_per_day": "",
    "active_from": "2026-09-30",
    "currently_active": "YES",
    "weekday_hours": "07:00-21:00",
    "saturday_hours": "07:00-15:00",
    "sunday_holidays": "FREE",
    "grace_minutes": 15,
    "sms_number": "708311",
    "special_rule": "",
    "geometry_status": "MAPPED",
    "source_url": "https://web.gpp-osijek.com/parking/",
    "source_type": "OFFICIAL",
    "verified": "YES",
    "notes": "",
    "geometry_source": "OpenStreetMap (Overpass API) queried 2026-09-30",
    "geometry_method": "OSM parking area way 30117980 lying on the zone colour of GPP map \"Sve zone parkiranja\""
   },
   "geometry": {
    "type": "Polygon",
    "coordinates": [
     [
      [
       18.6805564,
       45.55726
      ],
      [
       18.6806355,
       45.5570398
      ],
      [
       18.6806932,
       45.55705
      ],
      [
       18.6806141,
       45.5572701
      ],
      [
       18.6805564,
       45.55726
      ]
     ]
    ]
   }
  },
  {
   "type": "Feature",
   "properties": {
    "segment_id": "OS-Z1-M053",
    "name": "Parkiralište – Ulica Ivana Gundulića",
    "segment_from": "",
    "segment_to": "",
    "location_type": "parking_area",
    "zone": "1",
    "municipal_status": "PAID",
    "hourly_price_eur": 1.0,
    "max_hours_per_day": "",
    "active_from": "2026-09-30",
    "currently_active": "YES",
    "weekday_hours": "07:00-21:00",
    "saturday_hours": "07:00-15:00",
    "sunday_holidays": "FREE",
    "grace_minutes": 15,
    "sms_number": "708311",
    "special_rule": "",
    "geometry_status": "MAPPED",
    "source_url": "https://web.gpp-osijek.com/parking/",
    "source_type": "OFFICIAL",
    "verified": "YES",
    "notes": "",
    "geometry_source": "OpenStreetMap (Overpass API) queried 2026-09-30",
    "geometry_method": "OSM parking area way 74002353 lying on the zone colour of GPP map \"Sve zone parkiranja\""
   },
   "geometry": {
    "type": "Polygon",
    "coordinates": [
     [
      [
       18.6803141,
       45.5563896
      ],
      [
       18.6803152,
       45.5568218
      ],
      [
       18.6794081,
       45.5568219
      ],
      [
       18.6794234,
       45.5565949
      ],
      [
       18.6796304,
       45.5566022
      ],
      [
       18.6798958,
       45.5566219
      ],
      [
       18.6799974,
       45.5563318
      ],
      [
       18.6803141,
       45.5563896
      ]
     ]
    ]
   }
  },
  {
   "type": "Feature",
   "properties": {
    "segment_id": "OS-Z1-M054",
    "name": "Parkiralište – Ulica Josipa Jurja Strossmayera",
    "segment_from": "",
    "segment_to": "",
    "location_type": "parking_area",
    "zone": "1",
    "municipal_status": "PAID",
    "hourly_price_eur": 1.0,
    "max_hours_per_day": "",
    "active_from": "2026-09-30",
    "currently_active": "YES",
    "weekday_hours": "07:00-21:00",
    "saturday_hours": "07:00-15:00",
    "sunday_holidays": "FREE",
    "grace_minutes": 15,
    "sms_number": "708311",
    "special_rule": "",
    "geometry_status": "MAPPED",
    "source_url": "https://web.gpp-osijek.com/parking/",
    "source_type": "OFFICIAL",
    "verified": "YES",
    "notes": "",
    "geometry_source": "OpenStreetMap (Overpass API) queried 2026-09-30",
    "geometry_method": "OSM parking area way 95066332 lying on the zone colour of GPP map \"Sve zone parkiranja\""
   },
   "geometry": {
    "type": "Polygon",
    "coordinates": [
     [
      [
       18.6733229,
       45.5635606
      ],
      [
       18.6729887,
       45.5637469
      ],
      [
       18.6724923,
       45.5639406
      ],
      [
       18.6724408,
       45.5638295
      ],
      [
       18.6727575,
       45.5637167
      ],
      [
       18.6726962,
       45.5635331
      ],
      [
       18.6726098,
       45.5633899
      ],
      [
       18.6725661,
       45.5633281
      ],
      [
       18.672551,
       45.5632979
      ],
      [
       18.6729511,
       45.5631541
      ],
      [
       18.6730885,
       45.5633306
      ],
      [
       18.673225,
       45.5634067
      ],
      [
       18.6733229,
       45.5635606
      ]
     ]
    ]
   }
  },
  {
   "type": "Feature",
   "properties": {
    "segment_id": "OS-Z1-M055",
    "name": "Parkiralište – Ulica Josipa Jurja Strossmayera",
    "segment_from": "",
    "segment_to": "",
    "location_type": "parking_area",
    "zone": "1",
    "municipal_status": "PAID",
    "hourly_price_eur": 1.0,
    "max_hours_per_day": "",
    "active_from": "2026-09-30",
    "currently_active": "YES",
    "weekday_hours": "07:00-21:00",
    "saturday_hours": "07:00-15:00",
    "sunday_holidays": "FREE",
    "grace_minutes": 15,
    "sms_number": "708311",
    "special_rule": "",
    "geometry_status": "MAPPED",
    "source_url": "https://web.gpp-osijek.com/parking/",
    "source_type": "OFFICIAL",
    "verified": "YES",
    "notes": "",
    "geometry_source": "OpenStreetMap (Overpass API) queried 2026-09-30",
    "geometry_method": "OSM parking area way 679845294 lying on the zone colour of GPP map \"Sve zone parkiranja\""
   },
   "geometry": {
    "type": "Polygon",
    "coordinates": [
     [
      [
       18.6734332,
       45.5628026
      ],
      [
       18.673519,
       45.5628228
      ],
      [
       18.6724326,
       45.5632472
      ],
      [
       18.6723771,
       45.5632182
      ],
      [
       18.6734332,
       45.5628026
      ]
     ]
    ]
   }
  },
  {
   "type": "Feature",
   "properties": {
    "segment_id": "OS-Z1-M056",
    "name": "Parkiralište – Ulica Vatroslava Jagića",
    "segment_from": "",
    "segment_to": "",
    "location_type": "parking_area",
    "zone": "1",
    "municipal_status": "PAID",
    "hourly_price_eur": 1.0,
    "max_hours_per_day": "",
    "active_from": "2026-09-30",
    "currently_active": "YES",
    "weekday_hours": "07:00-21:00",
    "saturday_hours": "07:00-15:00",
    "sunday_holidays": "FREE",
    "grace_minutes": 15,
    "sms_number": "708311",
    "special_rule": "",
    "geometry_status": "MAPPED",
    "source_url": "https://web.gpp-osijek.com/parking/",
    "source_type": "OFFICIAL",
    "verified": "YES",
    "notes": "",
    "geometry_source": "OpenStreetMap (Overpass API) queried 2026-09-30",
    "geometry_method": "OSM parking area way 1061895530 lying on the zone colour of GPP map \"Sve zone parkiranja\""
   },
   "geometry": {
    "type": "Polygon",
    "coordinates": [
     [
      [
       18.6978641,
       45.5598764
      ],
      [
       18.6978172,
       45.5596441
      ],
      [
       18.6978987,
       45.5596358
      ],
      [
       18.697926,
       45.5596871
      ],
      [
       18.6986848,
       45.5595186
      ],
      [
       18.698755,
       45.5595632
      ],
      [
       18.6992601,
       45.5601473
      ],
      [
       18.6991527,
       45.5601782
      ],
      [
       18.6991185,
       45.560119
      ],
      [
       18.699026,
       45.5600448
      ],
      [
       18.6985569,
       45.5600893
      ],
      [
       18.6985176,
       45.5598275
      ],
      [
       18.6978641,
       45.5598764
      ]
     ]
    ]
   }
  },
  {
   "type": "Feature",
   "properties": {
    "segment_id": "OS-Z1-M057",
    "name": "Parkiralište – Ulica Vatroslava Jagića",
    "segment_from": "",
    "segment_to": "",
    "location_type": "parking_area",
    "zone": "1",
    "municipal_status": "PAID",
    "hourly_price_eur": 1.0,
    "max_hours_per_day": "",
    "active_from": "2026-09-30",
    "currently_active": "YES",
    "weekday_hours": "07:00-21:00",
    "saturday_hours": "07:00-15:00",
    "sunday_holidays": "FREE",
    "grace_minutes": 15,
    "sms_number": "708311",
    "special_rule": "",
    "geometry_status": "MAPPED",
    "source_url": "https://web.gpp-osijek.com/parking/",
    "source_type": "OFFICIAL",
    "verified": "YES",
    "notes": "",
    "geometry_source": "OpenStreetMap (Overpass API) queried 2026-09-30",
    "geometry_method": "OSM parking area way 1383597239 lying on the zone colour of GPP map \"Sve zone parkiranja\""
   },
   "geometry": {
    "type": "Polygon",
    "coordinates": [
     [
      [
       18.6985569,
       45.5600893
      ],
      [
       18.6985736,
       45.5601935
      ],
      [
       18.6988155,
       45.5601721
      ],
      [
       18.6988264,
       45.5602115
      ],
      [
       18.6991527,
       45.5601782
      ],
      [
       18.6991185,
       45.560119
      ],
      [
       18.699026,
       45.5600448
      ],
      [
       18.6985569,
       45.5600893
      ]
     ]
    ]
   }
  },
  {
   "type": "Feature",
   "properties": {
    "segment_id": "OS-Z1-M058",
    "name": "Parkiralište – Ulica kardinala Alojzija Stepinca",
    "segment_from": "",
    "segment_to": "",
    "location_type": "parking_area",
    "zone": "1",
    "municipal_status": "PAID",
    "hourly_price_eur": 1.0,
    "max_hours_per_day": "",
    "active_from": "2026-09-30",
    "currently_active": "YES",
    "weekday_hours": "07:00-21:00",
    "saturday_hours": "07:00-15:00",
    "sunday_holidays": "FREE",
    "grace_minutes": 15,
    "sms_number": "708311",
    "special_rule": "",
    "geometry_status": "MAPPED",
    "source_url": "https://web.gpp-osijek.com/parking/",
    "source_type": "OFFICIAL",
    "verified": "YES",
    "notes": "",
    "geometry_source": "OpenStreetMap (Overpass API) queried 2026-09-30",
    "geometry_method": "OSM parking area way 597878439 lying on the zone colour of GPP map \"Sve zone parkiranja\""
   },
   "geometry": {
    "type": "Polygon",
    "coordinates": [
     [
      [
       18.685746,
       45.5592929
      ],
      [
       18.6856144,
       45.5602088
      ],
      [
       18.6855724,
       45.5602004
      ],
      [
       18.6856871,
       45.5593039
      ],
      [
       18.685746,
       45.5592929
      ]
     ]
    ]
   }
  },
  {
   "type": "Feature",
   "properties": {
    "segment_id": "OS-Z1-M059",
    "name": "Parkiralište – Ulica kardinala Alojzija Stepinca",
    "segment_from": "",
    "segment_to": "",
    "location_type": "parking_area",
    "zone": "1",
    "municipal_status": "PAID",
    "hourly_price_eur": 1.0,
    "max_hours_per_day": "",
    "active_from": "2026-09-30",
    "currently_active": "YES",
    "weekday_hours": "07:00-21:00",
    "saturday_hours": "07:00-15:00",
    "sunday_holidays": "FREE",
    "grace_minutes": 15,
    "sms_number": "708311",
    "special_rule": "",
    "geometry_status": "MAPPED",
    "source_url": "https://web.gpp-osijek.com/parking/",
    "source_type": "OFFICIAL",
    "verified": "YES",
    "notes": "",
    "geometry_source": "OpenStreetMap (Overpass API) queried 2026-09-30",
    "geometry_method": "OSM parking area way 597878441 lying on the zone colour of GPP map \"Sve zone parkiranja\""
   },
   "geometry": {
    "type": "Polygon",
    "coordinates": [
     [
      [
       18.6858403,
       45.5592957
      ],
      [
       18.6857559,
       45.5600243
      ],
      [
       18.6857225,
       45.5600236
      ],
      [
       18.6857872,
       45.5592929
      ],
      [
       18.6858403,
       45.5592957
      ]
     ]
    ]
   }
  },
  {
   "type": "Feature",
   "properties": {
    "segment_id": "OS-Z1-M060",
    "name": "Parkiralište – Ulica kardinala Alojzija Stepinca",
    "segment_from": "",
    "segment_to": "",
    "location_type": "parking_area",
    "zone": "1",
    "municipal_status": "PAID",
    "hourly_price_eur": 1.0,
    "max_hours_per_day": "",
    "active_from": "2026-09-30",
    "currently_active": "YES",
    "weekday_hours": "07:00-21:00",
    "saturday_hours": "07:00-15:00",
    "sunday_holidays": "FREE",
    "grace_minutes": 15,
    "sms_number": "708311",
    "special_rule": "",
    "geometry_status": "MAPPED",
    "source_url": "https://web.gpp-osijek.com/parking/",
    "source_type": "OFFICIAL",
    "verified": "YES",
    "notes": "",
    "geometry_source": "OpenStreetMap (Overpass API) queried 2026-09-30",
    "geometry_method": "OSM parking area way 597878444 lying on the zone colour of GPP map \"Sve zone parkiranja\""
   },
   "geometry": {
    "type": "Polygon",
    "coordinates": [
     [
      [
       18.6857195,
       45.5587101
      ],
      [
       18.6858276,
       45.5575791
      ],
      [
       18.6858955,
       45.5575825
      ],
      [
       18.6857873,
       45.5587134
      ],
      [
       18.6857195,
       45.5587101
      ]
     ]
    ]
   }
  },
  {
   "type": "Feature",
   "properties": {
    "segment_id": "OS-Z1-M061",
    "name": "Parkiralište – Ulica kardinala Alojzija Stepinca",
    "segment_from": "",
    "segment_to": "",
    "location_type": "parking_area",
    "zone": "1",
    "municipal_status": "PAID",
    "hourly_price_eur": 1.0,
    "max_hours_per_day": "",
    "active_from": "2026-09-30",
    "currently_active": "YES",
    "weekday_hours": "07:00-21:00",
    "saturday_hours": "07:00-15:00",
    "sunday_holidays": "FREE",
    "grace_minutes": 15,
    "sms_number": "708311",
    "special_rule": "",
    "geometry_status": "MAPPED",
    "source_url": "https://web.gpp-osijek.com/parking/",
    "source_type": "OFFICIAL",
    "verified": "YES",
    "notes": "",
    "geometry_source": "OpenStreetMap (Overpass API) queried 2026-09-30",
    "geometry_method": "OSM parking area way 597878446 lying on the zone colour of GPP map \"Sve zone parkiranja\""
   },
   "geometry": {
    "type": "Polygon",
    "coordinates": [
     [
      [
       18.6858409,
       45.5588916
      ],
      [
       18.6859932,
       45.5575226
      ],
      [
       18.6860352,
       45.5575239
      ],
      [
       18.6858936,
       45.5588949
      ],
      [
       18.6858409,
       45.5588916
      ]
     ]
    ]
   }
  },
  {
   "type": "Feature",
   "properties": {
    "segment_id": "OS-Z1-M062",
    "name": "Parkiralište – Ulica kralja Zvonimira",
    "segment_from": "",
    "segment_to": "",
    "location_type": "parking_area",
    "zone": "1",
    "municipal_status": "PAID",
    "hourly_price_eur": 1.0,
    "max_hours_per_day": "",
    "active_from": "2026-09-30",
    "currently_active": "YES",
    "weekday_hours": "07:00-21:00",
    "saturday_hours": "07:00-15:00",
    "sunday_holidays": "FREE",
    "grace_minutes": 15,
    "sms_number": "708311",
    "special_rule": "",
    "geometry_status": "MAPPED",
    "source_url": "https://web.gpp-osijek.com/parking/",
    "source_type": "OFFICIAL",
    "verified": "YES",
    "notes": "",
    "geometry_source": "OpenStreetMap (Overpass API) queried 2026-09-30",
    "geometry_method": "OSM parking area way 597878442 lying on the zone colour of GPP map \"Sve zone parkiranja\""
   },
   "geometry": {
    "type": "Polygon",
    "coordinates": [
     [
      [
       18.6856702,
       45.5591782
      ],
      [
       18.6857007,
       45.5589393
      ],
      [
       18.6857686,
       45.5589427
      ],
      [
       18.6857333,
       45.55916
      ],
      [
       18.6856702,
       45.5591782
      ]
     ]
    ]
   }
  },
  {
   "type": "Feature",
   "properties": {
    "segment_id": "OS-Z1-M063",
    "name": "Parkiralište – Ulica svetog Leopolda Bogdana Mandića",
    "segment_from": "",
    "segment_to": "",
    "location_type": "parking_area",
    "zone": "1",
    "municipal_status": "PAID",
    "hourly_price_eur": 1.0,
    "max_hours_per_day": "",
    "active_from": "2026-09-30",
    "currently_active": "YES",
    "weekday_hours": "07:00-21:00",
    "saturday_hours": "07:00-15:00",
    "sunday_holidays": "FREE",
    "grace_minutes": 15,
    "sms_number": "708311",
    "special_rule": "",
    "geometry_status": "MAPPED",
    "source_url": "https://web.gpp-osijek.com/parking/",
    "source_type": "OFFICIAL",
    "verified": "YES",
    "notes": "",
    "geometry_source": "OpenStreetMap (Overpass API) queried 2026-09-30",
    "geometry_method": "OSM parking area way 75483732 lying on the zone colour of GPP map \"Sve zone parkiranja\""
   },
   "geometry": {
    "type": "Polygon",
    "coordinates": [
     [
      [
       18.6748474,
       45.5542731
      ],
      [
       18.6749115,
       45.5542679
      ],
      [
       18.6749529,
       45.5542326
      ],
      [
       18.6749529,
       45.5541391
      ],
      [
       18.6749496,
       45.5540478
      ],
      [
       18.67491,
       45.5539542
      ],
      [
       18.6746277,
       45.5539515
      ],
      [
       18.6746181,
       45.554116
      ],
      [
       18.6748127,
       45.5541148
      ],
      [
       18.6748424,
       45.5541425
      ],
      [
       18.6748523,
       45.554161
      ],
      [
       18.6748474,
       45.5542731
      ]
     ]
    ]
   }
  },
  {
   "type": "Feature",
   "properties": {
    "segment_id": "OS-Z1-M064",
    "name": "Parkiralište – Vijenac Jakova Gotovca",
    "segment_from": "",
    "segment_to": "",
    "location_type": "parking_area",
    "zone": "1",
    "municipal_status": "PAID",
    "hourly_price_eur": 1.0,
    "max_hours_per_day": "",
    "active_from": "2026-09-30",
    "currently_active": "YES",
    "weekday_hours": "07:00-21:00",
    "saturday_hours": "07:00-15:00",
    "sunday_holidays": "FREE",
    "grace_minutes": 15,
    "sms_number": "708311",
    "special_rule": "",
    "geometry_status": "MAPPED",
    "source_url": "https://web.gpp-osijek.com/parking/",
    "source_type": "OFFICIAL",
    "verified": "YES",
    "notes": "",
    "geometry_source": "OpenStreetMap (Overpass API) queried 2026-09-30",
    "geometry_method": "OSM parking area way 75394335 lying on the zone colour of GPP map \"Sve zone parkiranja\""
   },
   "geometry": {
    "type": "Polygon",
    "coordinates": [
     [
      [
       18.6796009,
       45.558871
      ],
      [
       18.67952,
       45.5588717
      ],
      [
       18.6795139,
       45.5585454
      ],
      [
       18.6795948,
       45.5585446
      ],
      [
       18.6796009,
       45.558871
      ]
     ]
    ]
   }
  },
  {
   "type": "Feature",
   "properties": {
    "segment_id": "OS-Z1-M065",
    "name": "Parkiralište – Vukovarska cesta",
    "segment_from": "",
    "segment_to": "",
    "location_type": "parking_area",
    "zone": "1",
    "municipal_status": "PAID",
    "hourly_price_eur": 1.0,
    "max_hours_per_day": "",
    "active_from": "2026-09-30",
    "currently_active": "YES",
    "weekday_hours": "07:00-21:00",
    "saturday_hours": "07:00-15:00",
    "sunday_holidays": "FREE",
    "grace_minutes": 15,
    "sms_number": "708311",
    "special_rule": "",
    "geometry_status": "MAPPED",
    "source_url": "https://web.gpp-osijek.com/parking/",
    "source_type": "OFFICIAL",
    "verified": "YES",
    "notes": "",
    "geometry_source": "OpenStreetMap (Overpass API) queried 2026-09-30",
    "geometry_method": "OSM parking area way 545282178 lying on the zone colour of GPP map \"Sve zone parkiranja\""
   },
   "geometry": {
    "type": "Polygon",
    "coordinates": [
     [
      [
       18.6846333,
       45.5577909
      ],
      [
       18.6845675,
       45.5576621
      ],
      [
       18.6856687,
       45.5573737
      ],
      [
       18.6856817,
       45.5573973
      ],
      [
       18.6855114,
       45.5574439
      ],
      [
       18.6855351,
       45.557496
      ],
      [
       18.6855598,
       45.55755
      ],
      [
       18.6846333,
       45.5577909
      ]
     ]
    ]
   }
  },
  {
   "type": "Feature",
   "properties": {
    "segment_id": "OS-Z1-M066",
    "name": "Parkiralište – Šetalište kardinala Franje Šepera",
    "segment_from": "",
    "segment_to": "",
    "location_type": "parking_area",
    "zone": "1",
    "municipal_status": "PAID",
    "hourly_price_eur": 1.0,
    "max_hours_per_day": "",
    "active_from": "2026-09-30",
    "currently_active": "YES",
    "weekday_hours": "07:00-21:00",
    "saturday_hours": "07:00-15:00",
    "sunday_holidays": "FREE",
    "grace_minutes": 15,
    "sms_number": "708311",
    "special_rule": "",
    "geometry_status": "MAPPED",
    "source_url": "https://web.gpp-osijek.com/parking/",
    "source_type": "OFFICIAL",
    "verified": "YES",
    "notes": "",
    "geometry_source": "OpenStreetMap (Overpass API) queried 2026-09-30",
    "geometry_method": "OSM parking area way 76087281 lying on the zone colour of GPP map \"Sve zone parkiranja\""
   },
   "geometry": {
    "type": "Polygon",
    "coordinates": [
     [
      [
       18.6857304,
       45.5623142
      ],
      [
       18.6862707,
       45.5623383
      ],
      [
       18.686269,
       45.5622922
      ],
      [
       18.686669,
       45.5623186
      ],
      [
       18.686671,
       45.5622617
      ],
      [
       18.6863596,
       45.5622433
      ],
      [
       18.6863778,
       45.5620262
      ],
      [
       18.6857591,
       45.5619884
      ],
      [
       18.6857304,
       45.5623142
      ]
     ]
    ]
   }
  },
  {
   "type": "Feature",
   "properties": {
    "segment_id": "OS-Z1-M067",
    "name": "Parkiralište – Šetalište kardinala Franje Šepera",
    "segment_from": "",
    "segment_to": "",
    "location_type": "parking_area",
    "zone": "1",
    "municipal_status": "PAID",
    "hourly_price_eur": 1.0,
    "max_hours_per_day": "",
    "active_from": "2026-09-30",
    "currently_active": "YES",
    "weekday_hours": "07:00-21:00",
    "saturday_hours": "07:00-15:00",
    "sunday_holidays": "FREE",
    "grace_minutes": 15,
    "sms_number": "708311",
    "special_rule": "",
    "geometry_status": "MAPPED",
    "source_url": "https://web.gpp-osijek.com/parking/",
    "source_type": "OFFICIAL",
    "verified": "YES",
    "notes": "",
    "geometry_source": "OpenStreetMap (Overpass API) queried 2026-09-30",
    "geometry_method": "OSM parking area way 555277787 lying on the zone colour of GPP map \"Sve zone parkiranja\""
   },
   "geometry": {
    "type": "Polygon",
    "coordinates": [
     [
      [
       18.6824715,
       45.5616642
      ],
      [
       18.6825153,
       45.5616425
      ],
      [
       18.6852841,
       45.5619576
      ],
      [
       18.6852487,
       45.5619817
      ],
      [
       18.6824715,
       45.5616642
      ]
     ]
    ]
   }
  },
  {
   "type": "Feature",
   "properties": {
    "segment_id": "OS-Z2-M069",
    "name": "Parkiralište – Gornjodravska obala",
    "segment_from": "",
    "segment_to": "",
    "location_type": "parking_area",
    "zone": "2",
    "municipal_status": "PAID",
    "hourly_price_eur": 0.6,
    "max_hours_per_day": "",
    "active_from": "2026-11-09",
    "currently_active": "NO",
    "weekday_hours": "07:00-21:00",
    "saturday_hours": "07:00-15:00",
    "sunday_holidays": "FREE",
    "grace_minutes": 15,
    "sms_number": "",
    "special_rule": "",
    "geometry_status": "MAPPED",
    "source_url": "https://web.gpp-osijek.com/parking/",
    "source_type": "OFFICIAL",
    "verified": "YES",
    "notes": "Grad Osijek najavio je naplatu u II. zoni oko 9. studenoga 2026.",
    "geometry_source": "OpenStreetMap (Overpass API) queried 2026-09-30",
    "geometry_method": "OSM parking area way 95066333 lying on the zone colour of GPP map \"Sve zone parkiranja\""
   },
   "geometry": {
    "type": "Polygon",
    "coordinates": [
     [
      [
       18.6719429,
       45.5645952
      ],
      [
       18.6711658,
       45.5648209
      ],
      [
       18.6711338,
       45.564767
      ],
      [
       18.6719109,
       45.5645411
      ],
      [
       18.6719429,
       45.5645952
      ]
     ]
    ]
   }
  },
  {
   "type": "Feature",
   "properties": {
    "segment_id": "OS-Z2-M070",
    "name": "Parkiralište – Intrazonska cesta",
    "segment_from": "",
    "segment_to": "",
    "location_type": "parking_area",
    "zone": "2",
    "municipal_status": "PAID",
    "hourly_price_eur": 0.6,
    "max_hours_per_day": "",
    "active_from": "2026-11-09",
    "currently_active": "NO",
    "weekday_hours": "07:00-21:00",
    "saturday_hours": "07:00-15:00",
    "sunday_holidays": "FREE",
    "grace_minutes": 15,
    "sms_number": "",
    "special_rule": "",
    "geometry_status": "MAPPED",
    "source_url": "https://web.gpp-osijek.com/parking/",
    "source_type": "OFFICIAL",
    "verified": "YES",
    "notes": "Grad Osijek najavio je naplatu u II. zoni oko 9. studenoga 2026.",
    "geometry_source": "OpenStreetMap (Overpass API) queried 2026-09-30",
    "geometry_method": "OSM parking area way 1411981350 lying on the zone colour of GPP map \"Sve zone parkiranja\""
   },
   "geometry": {
    "type": "Polygon",
    "coordinates": [
     [
      [
       18.6751334,
       45.5521093
      ],
      [
       18.6751854,
       45.5520826
      ],
      [
       18.6752082,
       45.5520735
      ],
      [
       18.6754765,
       45.5521247
      ],
      [
       18.6755863,
       45.5521492
      ],
      [
       18.6754968,
       45.5521811
      ],
      [
       18.6753228,
       45.5521435
      ],
      [
       18.6751334,
       45.5521093
      ]
     ]
    ]
   }
  },
  {
   "type": "Feature",
   "properties": {
    "segment_id": "OS-Z2-M071",
    "name": "Parkiralište – Intrazonska cesta",
    "segment_from": "",
    "segment_to": "",
    "location_type": "parking_area",
    "zone": "2",
    "municipal_status": "PAID",
    "hourly_price_eur": 0.6,
    "max_hours_per_day": "",
    "active_from": "2026-11-09",
    "currently_active": "NO",
    "weekday_hours": "07:00-21:00",
    "saturday_hours": "07:00-15:00",
    "sunday_holidays": "FREE",
    "grace_minutes": 15,
    "sms_number": "",
    "special_rule": "",
    "geometry_status": "MAPPED",
    "source_url": "https://web.gpp-osijek.com/parking/",
    "source_type": "OFFICIAL",
    "verified": "YES",
    "notes": "Grad Osijek najavio je naplatu u II. zoni oko 9. studenoga 2026.",
    "geometry_source": "OpenStreetMap (Overpass API) queried 2026-09-30",
    "geometry_method": "OSM parking area way 1411981353 lying on the zone colour of GPP map \"Sve zone parkiranja\""
   },
   "geometry": {
    "type": "Polygon",
    "coordinates": [
     [
      [
       18.6747205,
       45.5520461
      ],
      [
       18.6747579,
       45.5520279
      ],
      [
       18.6747925,
       45.5520133
      ],
      [
       18.6749864,
       45.5520392
      ],
      [
       18.6751551,
       45.5520674
      ],
      [
       18.6751375,
       45.5520769
      ],
      [
       18.6750927,
       45.5521031
      ],
      [
       18.6750033,
       45.5520865
      ],
      [
       18.6749058,
       45.5520712
      ],
      [
       18.6747205,
       45.5520461
      ]
     ]
    ]
   }
  },
  {
   "type": "Feature",
   "properties": {
    "segment_id": "OS-Z2-M072",
    "name": "Parkiralište – Intrazonska cesta",
    "segment_from": "",
    "segment_to": "",
    "location_type": "parking_area",
    "zone": "2",
    "municipal_status": "PAID",
    "hourly_price_eur": 0.6,
    "max_hours_per_day": "",
    "active_from": "2026-11-09",
    "currently_active": "NO",
    "weekday_hours": "07:00-21:00",
    "saturday_hours": "07:00-15:00",
    "sunday_holidays": "FREE",
    "grace_minutes": 15,
    "sms_number": "",
    "special_rule": "",
    "geometry_status": "MAPPED",
    "source_url": "https://web.gpp-osijek.com/parking/",
    "source_type": "OFFICIAL",
    "verified": "YES",
    "notes": "Grad Osijek najavio je naplatu u II. zoni oko 9. studenoga 2026.",
    "geometry_source": "OpenStreetMap (Overpass API) queried 2026-09-30",
    "geometry_method": "OSM parking area way 1411981355 lying on the zone colour of GPP map \"Sve zone parkiranja\""
   },
   "geometry": {
    "type": "Polygon",
    "coordinates": [
     [
      [
       18.6743465,
       45.5520091
      ],
      [
       18.6744083,
       45.5519698
      ],
      [
       18.6747384,
       45.5520096
      ],
      [
       18.6746844,
       45.552042
      ],
      [
       18.6743465,
       45.5520091
      ]
     ]
    ]
   }
  },
  {
   "type": "Feature",
   "properties": {
    "segment_id": "OS-Z2-M073",
    "name": "Parkiralište – Ivanin trg",
    "segment_from": "",
    "segment_to": "",
    "location_type": "parking_area",
    "zone": "2",
    "municipal_status": "PAID",
    "hourly_price_eur": 0.6,
    "max_hours_per_day": "",
    "active_from": "2026-11-09",
    "currently_active": "NO",
    "weekday_hours": "07:00-21:00",
    "saturday_hours": "07:00-15:00",
    "sunday_holidays": "FREE",
    "grace_minutes": 15,
    "sms_number": "",
    "special_rule": "",
    "geometry_status": "MAPPED",
    "source_url": "https://web.gpp-osijek.com/parking/",
    "source_type": "OFFICIAL",
    "verified": "YES",
    "notes": "Grad Osijek najavio je naplatu u II. zoni oko 9. studenoga 2026.",
    "geometry_source": "OpenStreetMap (Overpass API) queried 2026-09-30",
    "geometry_method": "OSM parking area way 1383593636 lying on the zone colour of GPP map \"Sve zone parkiranja\""
   },
   "geometry": {
    "type": "Polygon",
    "coordinates": [
     [
      [
       18.6963431,
       45.5555047
      ],
      [
       18.6963282,
       45.5552973
      ],
      [
       18.6969394,
       45.5552836
      ],
      [
       18.6969509,
       45.555489
      ],
      [
       18.696917,
       45.5554899
      ],
      [
       18.6969773,
       45.5562612
      ],
      [
       18.6970097,
       45.5562615
      ],
      [
       18.6970135,
       45.556327
      ],
      [
       18.6968005,
       45.5563307
      ],
      [
       18.6967278,
       45.5554962
      ],
      [
       18.6963431,
       45.5555047
      ]
     ]
    ]
   }
  },
  {
   "type": "Feature",
   "properties": {
    "segment_id": "OS-Z2-M074",
    "name": "Parkiralište – Naselje Vladimira Nazora",
    "segment_from": "",
    "segment_to": "",
    "location_type": "parking_area",
    "zone": "2",
    "municipal_status": "PAID",
    "hourly_price_eur": 0.6,
    "max_hours_per_day": "",
    "active_from": "2026-11-09",
    "currently_active": "NO",
    "weekday_hours": "07:00-21:00",
    "saturday_hours": "07:00-15:00",
    "sunday_holidays": "FREE",
    "grace_minutes": 15,
    "sms_number": "",
    "special_rule": "",
    "geometry_status": "MAPPED",
    "source_url": "https://web.gpp-osijek.com/parking/",
    "source_type": "OFFICIAL",
    "verified": "YES",
    "notes": "Grad Osijek najavio je naplatu u II. zoni oko 9. studenoga 2026.",
    "geometry_source": "OpenStreetMap (Overpass API) queried 2026-09-30",
    "geometry_method": "OSM parking area way 96699705 lying on the zone colour of GPP map \"Sve zone parkiranja\""
   },
   "geometry": {
    "type": "Polygon",
    "coordinates": [
     [
      [
       18.6651791,
       45.5609075
      ],
      [
       18.6650671,
       45.560285
      ],
      [
       18.6651372,
       45.5602788
      ],
      [
       18.6652492,
       45.5609013
      ],
      [
       18.6651791,
       45.5609075
      ]
     ]
    ]
   }
  },
  {
   "type": "Feature",
   "properties": {
    "segment_id": "OS-Z2-M075",
    "name": "Parkiralište – Prolaz Julija Knifera",
    "segment_from": "",
    "segment_to": "",
    "location_type": "parking_area",
    "zone": "2",
    "municipal_status": "PAID",
    "hourly_price_eur": 0.6,
    "max_hours_per_day": "",
    "active_from": "2026-11-09",
    "currently_active": "NO",
    "weekday_hours": "07:00-21:00",
    "saturday_hours": "07:00-15:00",
    "sunday_holidays": "FREE",
    "grace_minutes": 15,
    "sms_number": "",
    "special_rule": "",
    "geometry_status": "MAPPED",
    "source_url": "https://web.gpp-osijek.com/parking/",
    "source_type": "OFFICIAL",
    "verified": "YES",
    "notes": "Grad Osijek najavio je naplatu u II. zoni oko 9. studenoga 2026.",
    "geometry_source": "OpenStreetMap (Overpass API) queried 2026-09-30",
    "geometry_method": "OSM parking area way 1289382608 lying on the zone colour of GPP map \"Sve zone parkiranja\""
   },
   "geometry": {
    "type": "Polygon",
    "coordinates": [
     [
      [
       18.6947363,
       45.5563636
      ],
      [
       18.6947211,
       45.5563217
      ],
      [
       18.6952009,
       45.5562363
      ],
      [
       18.6952161,
       45.5562781
      ],
      [
       18.6947363,
       45.5563636
      ]
     ]
    ]
   }
  },
  {
   "type": "Feature",
   "properties": {
    "segment_id": "OS-Z2-M076",
    "name": "Parkiralište – Reisnerova ulica",
    "segment_from": "",
    "segment_to": "",
    "location_type": "parking_area",
    "zone": "2",
    "municipal_status": "PAID",
    "hourly_price_eur": 0.6,
    "max_hours_per_day": "",
    "active_from": "2026-11-09",
    "currently_active": "NO",
    "weekday_hours": "07:00-21:00",
    "saturday_hours": "07:00-15:00",
    "sunday_holidays": "FREE",
    "grace_minutes": 15,
    "sms_number": "",
    "special_rule": "",
    "geometry_status": "MAPPED",
    "source_url": "https://web.gpp-osijek.com/parking/",
    "source_type": "OFFICIAL",
    "verified": "YES",
    "notes": "Grad Osijek najavio je naplatu u II. zoni oko 9. studenoga 2026.",
    "geometry_source": "OpenStreetMap (Overpass API) queried 2026-09-30",
    "geometry_method": "OSM parking area way 1298127855 lying on the zone colour of GPP map \"Sve zone parkiranja\""
   },
   "geometry": {
    "type": "Polygon",
    "coordinates": [
     [
      [
       18.669739,
       45.5549641
      ],
      [
       18.6697329,
       45.5548672
      ],
      [
       18.6698917,
       45.5548623
      ],
      [
       18.6698978,
       45.5549591
      ],
      [
       18.669739,
       45.5549641
      ]
     ]
    ]
   }
  },
  {
   "type": "Feature",
   "properties": {
    "segment_id": "OS-Z2-M077",
    "name": "Parkiralište – Sjenjak",
    "segment_from": "",
    "segment_to": "",
    "location_type": "parking_area",
    "zone": "2",
    "municipal_status": "PAID",
    "hourly_price_eur": 0.6,
    "max_hours_per_day": "",
    "active_from": "2026-11-09",
    "currently_active": "NO",
    "weekday_hours": "07:00-21:00",
    "saturday_hours": "07:00-15:00",
    "sunday_holidays": "FREE",
    "grace_minutes": 15,
    "sms_number": "",
    "special_rule": "",
    "geometry_status": "MAPPED",
    "source_url": "https://web.gpp-osijek.com/parking/",
    "source_type": "OFFICIAL",
    "verified": "YES",
    "notes": "Grad Osijek najavio je naplatu u II. zoni oko 9. studenoga 2026.",
    "geometry_source": "OpenStreetMap (Overpass API) queried 2026-09-30",
    "geometry_method": "OSM parking area way 1273528765 lying on the zone colour of GPP map \"Sve zone parkiranja\""
   },
   "geometry": {
    "type": "Polygon",
    "coordinates": [
     [
      [
       18.6969155,
       45.5540659
      ],
      [
       18.6969028,
       45.5538917
      ],
      [
       18.6969806,
       45.5538889
      ],
      [
       18.6969933,
       45.5540631
      ],
      [
       18.6969155,
       45.5540659
      ]
     ]
    ]
   }
  },
  {
   "type": "Feature",
   "properties": {
    "segment_id": "OS-Z2-M078",
    "name": "Parkiralište – Trg bana Josipa Jelačića",
    "segment_from": "",
    "segment_to": "",
    "location_type": "parking_area",
    "zone": "2",
    "municipal_status": "PAID",
    "hourly_price_eur": 0.6,
    "max_hours_per_day": "",
    "active_from": "2026-11-09",
    "currently_active": "NO",
    "weekday_hours": "07:00-21:00",
    "saturday_hours": "07:00-15:00",
    "sunday_holidays": "FREE",
    "grace_minutes": 15,
    "sms_number": "",
    "special_rule": "",
    "geometry_status": "MAPPED",
    "source_url": "https://web.gpp-osijek.com/parking/",
    "source_type": "OFFICIAL",
    "verified": "YES",
    "notes": "Grad Osijek najavio je naplatu u II. zoni oko 9. studenoga 2026.",
    "geometry_source": "OpenStreetMap (Overpass API) queried 2026-09-30",
    "geometry_method": "OSM parking area way 161859984 lying on the zone colour of GPP map \"Sve zone parkiranja\""
   },
   "geometry": {
    "type": "Polygon",
    "coordinates": [
     [
      [
       18.7173942,
       45.5556452
      ],
      [
       18.717347,
       45.5555616
      ],
      [
       18.7172728,
       45.5555671
      ],
      [
       18.7172407,
       45.5554946
      ],
      [
       18.717843,
       45.5553839
      ],
      [
       18.7180932,
       45.5553699
      ],
      [
       18.7181796,
       45.5553401
      ],
      [
       18.7185823,
       45.555214
      ],
      [
       18.7186846,
       45.5553217
      ],
      [
       18.7179582,
       45.5555185
      ],
      [
       18.7173942,
       45.5556452
      ]
     ]
    ]
   }
  },
  {
   "type": "Feature",
   "properties": {
    "segment_id": "OS-Z2-M079",
    "name": "Parkiralište – Ulica Bartula Kašića",
    "segment_from": "",
    "segment_to": "",
    "location_type": "parking_area",
    "zone": "2",
    "municipal_status": "PAID",
    "hourly_price_eur": 0.6,
    "max_hours_per_day": "",
    "active_from": "2026-11-09",
    "currently_active": "NO",
    "weekday_hours": "07:00-21:00",
    "saturday_hours": "07:00-15:00",
    "sunday_holidays": "FREE",
    "grace_minutes": 15,
    "sms_number": "",
    "special_rule": "",
    "geometry_status": "MAPPED",
    "source_url": "https://web.gpp-osijek.com/parking/",
    "source_type": "OFFICIAL",
    "verified": "YES",
    "notes": "Grad Osijek najavio je naplatu u II. zoni oko 9. studenoga 2026.",
    "geometry_source": "OpenStreetMap (Overpass API) queried 2026-09-30",
    "geometry_method": "OSM parking area way 669182374 lying on the zone colour of GPP map \"Sve zone parkiranja\""
   },
   "geometry": {
    "type": "Polygon",
    "coordinates": [
     [
      [
       18.6945263,
       45.554128
      ],
      [
       18.6945447,
       45.5539757
      ],
      [
       18.6947505,
       45.5539878
      ],
      [
       18.6947322,
       45.5541402
      ],
      [
       18.6945263,
       45.554128
      ]
     ]
    ]
   }
  },
  {
   "type": "Feature",
   "properties": {
    "segment_id": "OS-Z2-M080",
    "name": "Parkiralište – Ulica Bartula Kašića",
    "segment_from": "",
    "segment_to": "",
    "location_type": "parking_area",
    "zone": "2",
    "municipal_status": "PAID",
    "hourly_price_eur": 0.6,
    "max_hours_per_day": "",
    "active_from": "2026-11-09",
    "currently_active": "NO",
    "weekday_hours": "07:00-21:00",
    "saturday_hours": "07:00-15:00",
    "sunday_holidays": "FREE",
    "grace_minutes": 15,
    "sms_number": "",
    "special_rule": "",
    "geometry_status": "MAPPED",
    "source_url": "https://web.gpp-osijek.com/parking/",
    "source_type": "OFFICIAL",
    "verified": "YES",
    "notes": "Grad Osijek najavio je naplatu u II. zoni oko 9. studenoga 2026.",
    "geometry_source": "OpenStreetMap (Overpass API) queried 2026-09-30",
    "geometry_method": "OSM parking area way 669182376 lying on the zone colour of GPP map \"Sve zone parkiranja\""
   },
   "geometry": {
    "type": "Polygon",
    "coordinates": [
     [
      [
       18.6942265,
       45.5541201
      ],
      [
       18.694241,
       45.5540057
      ],
      [
       18.694442,
       45.5540182
      ],
      [
       18.6944274,
       45.5541326
      ],
      [
       18.6942265,
       45.5541201
      ]
     ]
    ]
   }
  },
  {
   "type": "Feature",
   "properties": {
    "segment_id": "OS-Z2-M081",
    "name": "Parkiralište – Ulica Bartula Kašića",
    "segment_from": "",
    "segment_to": "",
    "location_type": "parking_area",
    "zone": "2",
    "municipal_status": "PAID",
    "hourly_price_eur": 0.6,
    "max_hours_per_day": "",
    "active_from": "2026-11-09",
    "currently_active": "NO",
    "weekday_hours": "07:00-21:00",
    "saturday_hours": "07:00-15:00",
    "sunday_holidays": "FREE",
    "grace_minutes": 15,
    "sms_number": "",
    "special_rule": "",
    "geometry_status": "MAPPED",
    "source_url": "https://web.gpp-osijek.com/parking/",
    "source_type": "OFFICIAL",
    "verified": "YES",
    "notes": "Grad Osijek najavio je naplatu u II. zoni oko 9. studenoga 2026.",
    "geometry_source": "OpenStreetMap (Overpass API) queried 2026-09-30",
    "geometry_method": "OSM parking area way 669182378 lying on the zone colour of GPP map \"Sve zone parkiranja\""
   },
   "geometry": {
    "type": "Polygon",
    "coordinates": [
     [
      [
       18.6939934,
       45.5540883
      ],
      [
       18.6940122,
       45.5539511
      ],
      [
       18.6941687,
       45.5539616
      ],
      [
       18.69415,
       45.5540988
      ],
      [
       18.6939934,
       45.5540883
      ]
     ]
    ]
   }
  },
  {
   "type": "Feature",
   "properties": {
    "segment_id": "OS-Z2-M082",
    "name": "Parkiralište – Ulica Bartula Kašića",
    "segment_from": "",
    "segment_to": "",
    "location_type": "parking_area",
    "zone": "2",
    "municipal_status": "PAID",
    "hourly_price_eur": 0.6,
    "max_hours_per_day": "",
    "active_from": "2026-11-09",
    "currently_active": "NO",
    "weekday_hours": "07:00-21:00",
    "saturday_hours": "07:00-15:00",
    "sunday_holidays": "FREE",
    "grace_minutes": 15,
    "sms_number": "",
    "special_rule": "",
    "geometry_status": "MAPPED",
    "source_url": "https://web.gpp-osijek.com/parking/",
    "source_type": "OFFICIAL",
    "verified": "YES",
    "notes": "Grad Osijek najavio je naplatu u II. zoni oko 9. studenoga 2026.",
    "geometry_source": "OpenStreetMap (Overpass API) queried 2026-09-30",
    "geometry_method": "OSM parking area way 669182380 lying on the zone colour of GPP map \"Sve zone parkiranja\""
   },
   "geometry": {
    "type": "Polygon",
    "coordinates": [
     [
      [
       18.6937269,
       45.5540723
      ],
      [
       18.6937463,
       45.5539164
      ],
      [
       18.6939246,
       45.5539272
      ],
      [
       18.6939052,
       45.5540832
      ],
      [
       18.6937269,
       45.5540723
      ]
     ]
    ]
   }
  },
  {
   "type": "Feature",
   "properties": {
    "segment_id": "OS-Z2-M083",
    "name": "Parkiralište – Ulica Julija Knifera",
    "segment_from": "",
    "segment_to": "",
    "location_type": "parking_area",
    "zone": "2",
    "municipal_status": "PAID",
    "hourly_price_eur": 0.6,
    "max_hours_per_day": "",
    "active_from": "2026-11-09",
    "currently_active": "NO",
    "weekday_hours": "07:00-21:00",
    "saturday_hours": "07:00-15:00",
    "sunday_holidays": "FREE",
    "grace_minutes": 15,
    "sms_number": "",
    "special_rule": "",
    "geometry_status": "MAPPED",
    "source_url": "https://web.gpp-osijek.com/parking/",
    "source_type": "OFFICIAL",
    "verified": "YES",
    "notes": "Grad Osijek najavio je naplatu u II. zoni oko 9. studenoga 2026.",
    "geometry_source": "OpenStreetMap (Overpass API) queried 2026-09-30",
    "geometry_method": "OSM parking area way 555309197 lying on the zone colour of GPP map \"Sve zone parkiranja\""
   },
   "geometry": {
    "type": "Polygon",
    "coordinates": [
     [
      [
       18.7051463,
       45.5583857
      ],
      [
       18.705235,
       45.5583781
      ],
      [
       18.705091,
       45.5575499
      ],
      [
       18.7050023,
       45.5575574
      ],
      [
       18.7051463,
       45.5583857
      ]
     ]
    ]
   }
  },
  {
   "type": "Feature",
   "properties": {
    "segment_id": "OS-Z2-M084",
    "name": "Parkiralište – Ulica Julija Knifera",
    "segment_from": "",
    "segment_to": "",
    "location_type": "parking_area",
    "zone": "2",
    "municipal_status": "PAID",
    "hourly_price_eur": 0.6,
    "max_hours_per_day": "",
    "active_from": "2026-11-09",
    "currently_active": "NO",
    "weekday_hours": "07:00-21:00",
    "saturday_hours": "07:00-15:00",
    "sunday_holidays": "FREE",
    "grace_minutes": 15,
    "sms_number": "",
    "special_rule": "",
    "geometry_status": "MAPPED",
    "source_url": "https://web.gpp-osijek.com/parking/",
    "source_type": "OFFICIAL",
    "verified": "YES",
    "notes": "Grad Osijek najavio je naplatu u II. zoni oko 9. studenoga 2026.",
    "geometry_source": "OpenStreetMap (Overpass API) queried 2026-09-30",
    "geometry_method": "OSM parking area way 555309201 lying on the zone colour of GPP map \"Sve zone parkiranja\""
   },
   "geometry": {
    "type": "Polygon",
    "coordinates": [
     [
      [
       18.7046111,
       45.5549014
      ],
      [
       18.7044688,
       45.5549088
      ],
      [
       18.7045118,
       45.5553166
      ],
      [
       18.7046542,
       45.5553092
      ],
      [
       18.7046111,
       45.5549014
      ]
     ]
    ]
   }
  },
  {
   "type": "Feature",
   "properties": {
    "segment_id": "OS-Z2-M085",
    "name": "Parkiralište – Ulica Matije Gupca",
    "segment_from": "",
    "segment_to": "",
    "location_type": "parking_area",
    "zone": "2",
    "municipal_status": "PAID",
    "hourly_price_eur": 0.6,
    "max_hours_per_day": "",
    "active_from": "2026-11-09",
    "currently_active": "NO",
    "weekday_hours": "07:00-21:00",
    "saturday_hours": "07:00-15:00",
    "sunday_holidays": "FREE",
    "grace_minutes": 15,
    "sms_number": "",
    "special_rule": "",
    "geometry_status": "MAPPED",
    "source_url": "https://web.gpp-osijek.com/parking/",
    "source_type": "OFFICIAL",
    "verified": "YES",
    "notes": "Grad Osijek najavio je naplatu u II. zoni oko 9. studenoga 2026.",
    "geometry_source": "OpenStreetMap (Overpass API) queried 2026-09-30",
    "geometry_method": "OSM parking area way 727568723 lying on the zone colour of GPP map \"Sve zone parkiranja\""
   },
   "geometry": {
    "type": "Polygon",
    "coordinates": [
     [
      [
       18.7206075,
       45.5548035
      ],
      [
       18.7205501,
       45.5546963
      ],
      [
       18.721641,
       45.5544283
      ],
      [
       18.7216888,
       45.5545299
      ],
      [
       18.7206075,
       45.5548035
      ]
     ]
    ]
   }
  },
  {
   "type": "Feature",
   "properties": {
    "segment_id": "OS-Z2-M086",
    "name": "Parkiralište – Ulica Vladimira Preloga",
    "segment_from": "",
    "segment_to": "",
    "location_type": "parking_area",
    "zone": "2",
    "municipal_status": "PAID",
    "hourly_price_eur": 0.6,
    "max_hours_per_day": "",
    "active_from": "2026-11-09",
    "currently_active": "NO",
    "weekday_hours": "07:00-21:00",
    "saturday_hours": "07:00-15:00",
    "sunday_holidays": "FREE",
    "grace_minutes": 15,
    "sms_number": "",
    "special_rule": "",
    "geometry_status": "MAPPED",
    "source_url": "https://web.gpp-osijek.com/parking/",
    "source_type": "OFFICIAL",
    "verified": "YES",
    "notes": "Grad Osijek najavio je naplatu u II. zoni oko 9. studenoga 2026.",
    "geometry_source": "OpenStreetMap (Overpass API) queried 2026-09-30",
    "geometry_method": "OSM parking area way 161162640 lying on the zone colour of GPP map \"Sve zone parkiranja\""
   },
   "geometry": {
    "type": "Polygon",
    "coordinates": [
     [
      [
       18.7066249,
       45.555698
      ],
      [
       18.7091651,
       45.5550516
      ],
      [
       18.7090394,
       45.5548093
      ],
      [
       18.709199,
       45.5547688
      ],
      [
       18.7091507,
       45.5546758
      ],
      [
       18.7063919,
       45.5553772
      ],
      [
       18.7064394,
       45.555469
      ],
      [
       18.7064983,
       45.555454
      ],
      [
       18.7066249,
       45.555698
      ]
     ]
    ]
   }
  },
  {
   "type": "Feature",
   "properties": {
    "segment_id": "OS-Z2-M087",
    "name": "Parkiralište – Ulica Vladimira Preloga",
    "segment_from": "",
    "segment_to": "",
    "location_type": "parking_area",
    "zone": "2",
    "municipal_status": "PAID",
    "hourly_price_eur": 0.6,
    "max_hours_per_day": "",
    "active_from": "2026-11-09",
    "currently_active": "NO",
    "weekday_hours": "07:00-21:00",
    "saturday_hours": "07:00-15:00",
    "sunday_holidays": "FREE",
    "grace_minutes": 15,
    "sms_number": "",
    "special_rule": "",
    "geometry_status": "MAPPED",
    "source_url": "https://web.gpp-osijek.com/parking/",
    "source_type": "OFFICIAL",
    "verified": "YES",
    "notes": "Grad Osijek najavio je naplatu u II. zoni oko 9. studenoga 2026.",
    "geometry_source": "OpenStreetMap (Overpass API) queried 2026-09-30",
    "geometry_method": "OSM parking area way 161162641 lying on the zone colour of GPP map \"Sve zone parkiranja\""
   },
   "geometry": {
    "type": "Polygon",
    "coordinates": [
     [
      [
       18.7060408,
       45.5555037
      ],
      [
       18.7060197,
       45.5554645
      ],
      [
       18.7058044,
       45.5555213
      ],
      [
       18.7058256,
       45.5555606
      ],
      [
       18.7060408,
       45.5555037
      ]
     ]
    ]
   }
  },
  {
   "type": "Feature",
   "properties": {
    "segment_id": "OS-Z2-M088",
    "name": "Parkiralište – Ulica Vladimira Preloga",
    "segment_from": "",
    "segment_to": "",
    "location_type": "parking_area",
    "zone": "2",
    "municipal_status": "PAID",
    "hourly_price_eur": 0.6,
    "max_hours_per_day": "",
    "active_from": "2026-11-09",
    "currently_active": "NO",
    "weekday_hours": "07:00-21:00",
    "saturday_hours": "07:00-15:00",
    "sunday_holidays": "FREE",
    "grace_minutes": 15,
    "sms_number": "",
    "special_rule": "",
    "geometry_status": "MAPPED",
    "source_url": "https://web.gpp-osijek.com/parking/",
    "source_type": "OFFICIAL",
    "verified": "YES",
    "notes": "Grad Osijek najavio je naplatu u II. zoni oko 9. studenoga 2026.",
    "geometry_source": "OpenStreetMap (Overpass API) queried 2026-09-30",
    "geometry_method": "OSM parking area way 714531304 lying on the zone colour of GPP map \"Sve zone parkiranja\""
   },
   "geometry": {
    "type": "Polygon",
    "coordinates": [
     [
      [
       18.7055283,
       45.5556393
      ],
      [
       18.7055072,
       45.5556001
      ],
      [
       18.7052919,
       45.555657
      ],
      [
       18.7053131,
       45.5556962
      ],
      [
       18.7055283,
       45.5556393
      ]
     ]
    ]
   }
  },
  {
   "type": "Feature",
   "properties": {
    "segment_id": "OS-Z2-M089",
    "name": "Parkiralište – Ulica cara Hadrijana",
    "segment_from": "",
    "segment_to": "",
    "location_type": "parking_area",
    "zone": "2",
    "municipal_status": "PAID",
    "hourly_price_eur": 0.6,
    "max_hours_per_day": "",
    "active_from": "2026-11-09",
    "currently_active": "NO",
    "weekday_hours": "07:00-21:00",
    "saturday_hours": "07:00-15:00",
    "sunday_holidays": "FREE",
    "grace_minutes": 15,
    "sms_number": "",
    "special_rule": "",
    "geometry_status": "MAPPED",
    "source_url": "https://web.gpp-osijek.com/parking/",
    "source_type": "OFFICIAL",
    "verified": "YES",
    "notes": "Grad Osijek najavio je naplatu u II. zoni oko 9. studenoga 2026.",
    "geometry_source": "OpenStreetMap (Overpass API) queried 2026-09-30",
    "geometry_method": "OSM parking area way 161166836 lying on the zone colour of GPP map \"Sve zone parkiranja\""
   },
   "geometry": {
    "type": "Polygon",
    "coordinates": [
     [
      [
       18.7071639,
       45.5581072
      ],
      [
       18.7072135,
       45.5579921
      ],
      [
       18.7076208,
       45.5578859
      ],
      [
       18.7078164,
       45.5579487
      ],
      [
       18.7071639,
       45.5581072
      ]
     ]
    ]
   }
  },
  {
   "type": "Feature",
   "properties": {
    "segment_id": "OS-Z2-M090",
    "name": "Parkiralište – Ulica cara Hadrijana",
    "segment_from": "",
    "segment_to": "",
    "location_type": "parking_area",
    "zone": "2",
    "municipal_status": "PAID",
    "hourly_price_eur": 0.6,
    "max_hours_per_day": "",
    "active_from": "2026-11-09",
    "currently_active": "NO",
    "weekday_hours": "07:00-21:00",
    "saturday_hours": "07:00-15:00",
    "sunday_holidays": "FREE",
    "grace_minutes": 15,
    "sms_number": "",
    "special_rule": "",
    "geometry_status": "MAPPED",
    "source_url": "https://web.gpp-osijek.com/parking/",
    "source_type": "OFFICIAL",
    "verified": "YES",
    "notes": "Grad Osijek najavio je naplatu u II. zoni oko 9. studenoga 2026.",
    "geometry_source": "OpenStreetMap (Overpass API) queried 2026-09-30",
    "geometry_method": "OSM parking area way 597889721 lying on the zone colour of GPP map \"Sve zone parkiranja\""
   },
   "geometry": {
    "type": "Polygon",
    "coordinates": [
     [
      [
       18.7037881,
       45.5593307
      ],
      [
       18.7028754,
       45.5596038
      ],
      [
       18.702878,
       45.5593983
      ],
      [
       18.7036987,
       45.5592446
      ],
      [
       18.7037881,
       45.5593307
      ]
     ]
    ]
   }
  },
  {
   "type": "Feature",
   "properties": {
    "segment_id": "OS-Z2-M091",
    "name": "Parkiralište – Ulica cara Hadrijana",
    "segment_from": "",
    "segment_to": "",
    "location_type": "parking_area",
    "zone": "2",
    "municipal_status": "PAID",
    "hourly_price_eur": 0.6,
    "max_hours_per_day": "",
    "active_from": "2026-11-09",
    "currently_active": "NO",
    "weekday_hours": "07:00-21:00",
    "saturday_hours": "07:00-15:00",
    "sunday_holidays": "FREE",
    "grace_minutes": 15,
    "sms_number": "",
    "special_rule": "",
    "geometry_status": "MAPPED",
    "source_url": "https://web.gpp-osijek.com/parking/",
    "source_type": "OFFICIAL",
    "verified": "YES",
    "notes": "Grad Osijek najavio je naplatu u II. zoni oko 9. studenoga 2026.",
    "geometry_source": "OpenStreetMap (Overpass API) queried 2026-09-30",
    "geometry_method": "OSM parking area way 1395793102 lying on the zone colour of GPP map \"Sve zone parkiranja\""
   },
   "geometry": {
    "type": "Polygon",
    "coordinates": [
     [
      [
       18.7054215,
       45.5588447
      ],
      [
       18.7053955,
       45.5587969
      ],
      [
       18.7054614,
       45.5587724
      ],
      [
       18.7057948,
       45.5586927
      ],
      [
       18.7058403,
       45.5588214
      ],
      [
       18.7054215,
       45.5588447
      ]
     ]
    ]
   }
  },
  {
   "type": "Feature",
   "properties": {
    "segment_id": "OS-Z2-M092",
    "name": "Parkiralište – Ulica kneza Trpimira",
    "segment_from": "",
    "segment_to": "",
    "location_type": "parking_area",
    "zone": "2",
    "municipal_status": "PAID",
    "hourly_price_eur": 0.6,
    "max_hours_per_day": "",
    "active_from": "2026-11-09",
    "currently_active": "NO",
    "weekday_hours": "07:00-21:00",
    "saturday_hours": "07:00-15:00",
    "sunday_holidays": "FREE",
    "grace_minutes": 15,
    "sms_number": "",
    "special_rule": "",
    "geometry_status": "MAPPED",
    "source_url": "https://web.gpp-osijek.com/parking/",
    "source_type": "OFFICIAL",
    "verified": "YES",
    "notes": "Grad Osijek najavio je naplatu u II. zoni oko 9. studenoga 2026.",
    "geometry_source": "OpenStreetMap (Overpass API) queried 2026-09-30",
    "geometry_method": "OSM parking area way 42325502 lying on the zone colour of GPP map \"Sve zone parkiranja\""
   },
   "geometry": {
    "type": "Polygon",
    "coordinates": [
     [
      [
       18.6949401,
       45.5546599
      ],
      [
       18.6951209,
       45.5546307
      ],
      [
       18.6950957,
       45.5544912
      ],
      [
       18.6950569,
       45.5544963
      ],
      [
       18.6949805,
       45.5542987
      ],
      [
       18.6948332,
       45.5543142
      ],
      [
       18.6949401,
       45.5546599
      ]
     ]
    ]
   }
  },
  {
   "type": "Feature",
   "properties": {
    "segment_id": "OS-Z2-M093",
    "name": "Parkiralište – Ulica kneza Trpimira",
    "segment_from": "",
    "segment_to": "",
    "location_type": "parking_area",
    "zone": "2",
    "municipal_status": "PAID",
    "hourly_price_eur": 0.6,
    "max_hours_per_day": "",
    "active_from": "2026-11-09",
    "currently_active": "NO",
    "weekday_hours": "07:00-21:00",
    "saturday_hours": "07:00-15:00",
    "sunday_holidays": "FREE",
    "grace_minutes": 15,
    "sms_number": "",
    "special_rule": "",
    "geometry_status": "MAPPED",
    "source_url": "https://web.gpp-osijek.com/parking/",
    "source_type": "OFFICIAL",
    "verified": "YES",
    "notes": "Grad Osijek najavio je naplatu u II. zoni oko 9. studenoga 2026.",
    "geometry_source": "OpenStreetMap (Overpass API) queried 2026-09-30",
    "geometry_method": "OSM parking area way 669407607 lying on the zone colour of GPP map \"Sve zone parkiranja\""
   },
   "geometry": {
    "type": "Polygon",
    "coordinates": [
     [
      [
       18.695402,
       45.5541468
      ],
      [
       18.6953679,
       45.5536367
      ],
      [
       18.6952293,
       45.5536412
      ],
      [
       18.6952632,
       45.5541513
      ],
      [
       18.695402,
       45.5541468
      ]
     ]
    ]
   }
  },
  {
   "type": "Feature",
   "properties": {
    "segment_id": "OS-Z2-M094",
    "name": "Parkiralište – Vijenac Augusta Cesarca",
    "segment_from": "",
    "segment_to": "",
    "location_type": "parking_area",
    "zone": "2",
    "municipal_status": "PAID",
    "hourly_price_eur": 0.6,
    "max_hours_per_day": "",
    "active_from": "2026-11-09",
    "currently_active": "NO",
    "weekday_hours": "07:00-21:00",
    "saturday_hours": "07:00-15:00",
    "sunday_holidays": "FREE",
    "grace_minutes": 15,
    "sms_number": "",
    "special_rule": "",
    "geometry_status": "MAPPED",
    "source_url": "https://web.gpp-osijek.com/parking/",
    "source_type": "OFFICIAL",
    "verified": "YES",
    "notes": "Grad Osijek najavio je naplatu u II. zoni oko 9. studenoga 2026.",
    "geometry_source": "OpenStreetMap (Overpass API) queried 2026-09-30",
    "geometry_method": "OSM parking area way 81287341 lying on the zone colour of GPP map \"Sve zone parkiranja\""
   },
   "geometry": {
    "type": "Polygon",
    "coordinates": [
     [
      [
       18.6656746,
       45.5625737
      ],
      [
       18.6656089,
       45.5625547
      ],
      [
       18.6658442,
       45.5624709
      ],
      [
       18.6658863,
       45.5624972
      ],
      [
       18.6656746,
       45.5625737
      ]
     ]
    ]
   }
  },
  {
   "type": "Feature",
   "properties": {
    "segment_id": "OS-Z2-M095",
    "name": "Parkiralište – Vijenac Augusta Cesarca",
    "segment_from": "",
    "segment_to": "",
    "location_type": "parking_area",
    "zone": "2",
    "municipal_status": "PAID",
    "hourly_price_eur": 0.6,
    "max_hours_per_day": "",
    "active_from": "2026-11-09",
    "currently_active": "NO",
    "weekday_hours": "07:00-21:00",
    "saturday_hours": "07:00-15:00",
    "sunday_holidays": "FREE",
    "grace_minutes": 15,
    "sms_number": "",
    "special_rule": "",
    "geometry_status": "MAPPED",
    "source_url": "https://web.gpp-osijek.com/parking/",
    "source_type": "OFFICIAL",
    "verified": "YES",
    "notes": "Grad Osijek najavio je naplatu u II. zoni oko 9. studenoga 2026.",
    "geometry_source": "OpenStreetMap (Overpass API) queried 2026-09-30",
    "geometry_method": "OSM parking area way 81287345 lying on the zone colour of GPP map \"Sve zone parkiranja\""
   },
   "geometry": {
    "type": "Polygon",
    "coordinates": [
     [
      [
       18.6675632,
       45.5631089
      ],
      [
       18.6675876,
       45.563221
      ],
      [
       18.6671714,
       45.5632917
      ],
      [
       18.6671475,
       45.5631854
      ],
      [
       18.6673431,
       45.563174
      ],
      [
       18.6674379,
       45.5631691
      ],
      [
       18.6675087,
       45.5631409
      ],
      [
       18.6675632,
       45.5631089
      ]
     ]
    ]
   }
  },
  {
   "type": "Feature",
   "properties": {
    "segment_id": "OS-Z2-M096",
    "name": "Parkiralište – Vijenac Augusta Cesarca",
    "segment_from": "",
    "segment_to": "",
    "location_type": "parking_area",
    "zone": "2",
    "municipal_status": "PAID",
    "hourly_price_eur": 0.6,
    "max_hours_per_day": "",
    "active_from": "2026-11-09",
    "currently_active": "NO",
    "weekday_hours": "07:00-21:00",
    "saturday_hours": "07:00-15:00",
    "sunday_holidays": "FREE",
    "grace_minutes": 15,
    "sms_number": "",
    "special_rule": "",
    "geometry_status": "MAPPED",
    "source_url": "https://web.gpp-osijek.com/parking/",
    "source_type": "OFFICIAL",
    "verified": "YES",
    "notes": "Grad Osijek najavio je naplatu u II. zoni oko 9. studenoga 2026.",
    "geometry_source": "OpenStreetMap (Overpass API) queried 2026-09-30",
    "geometry_method": "OSM parking area way 81287349 lying on the zone colour of GPP map \"Sve zone parkiranja\""
   },
   "geometry": {
    "type": "Polygon",
    "coordinates": [
     [
      [
       18.6679308,
       45.5627595
      ],
      [
       18.6680318,
       45.5627437
      ],
      [
       18.6680126,
       45.56266
      ],
      [
       18.6679802,
       45.5625802
      ],
      [
       18.667946,
       45.5624952
      ],
      [
       18.6678606,
       45.5625053
      ],
      [
       18.6679308,
       45.5627595
      ]
     ]
    ]
   }
  },
  {
   "type": "Feature",
   "properties": {
    "segment_id": "OS-Z2-M097",
    "name": "Parkiralište – Vijenac Ivana Mažuranića",
    "segment_from": "",
    "segment_to": "",
    "location_type": "parking_area",
    "zone": "2",
    "municipal_status": "PAID",
    "hourly_price_eur": 0.6,
    "max_hours_per_day": "",
    "active_from": "2026-11-09",
    "currently_active": "NO",
    "weekday_hours": "07:00-21:00",
    "saturday_hours": "07:00-15:00",
    "sunday_holidays": "FREE",
    "grace_minutes": 15,
    "sms_number": "",
    "special_rule": "",
    "geometry_status": "MAPPED",
    "source_url": "https://web.gpp-osijek.com/parking/",
    "source_type": "OFFICIAL",
    "verified": "YES",
    "notes": "Grad Osijek najavio je naplatu u II. zoni oko 9. studenoga 2026.",
    "geometry_source": "OpenStreetMap (Overpass API) queried 2026-09-30",
    "geometry_method": "OSM parking area way 76842834 lying on the zone colour of GPP map \"Sve zone parkiranja\""
   },
   "geometry": {
    "type": "Polygon",
    "coordinates": [
     [
      [
       18.6865219,
       45.5616256
      ],
      [
       18.6865384,
       45.5615426
      ],
      [
       18.686591,
       45.5614481
      ],
      [
       18.6867227,
       45.5612498
      ],
      [
       18.6868973,
       45.5609409
      ],
      [
       18.6870323,
       45.5607127
      ],
      [
       18.6870718,
       45.5607265
      ],
      [
       18.6866306,
       45.5614596
      ],
      [
       18.6865845,
       45.5615426
      ],
      [
       18.6865713,
       45.5616348
      ],
      [
       18.6865219,
       45.5616256
      ]
     ]
    ]
   }
  },
  {
   "type": "Feature",
   "properties": {
    "segment_id": "OS-Z2-M098",
    "name": "Parkiralište – Vijenac Ivana Meštrovića",
    "segment_from": "",
    "segment_to": "",
    "location_type": "parking_area",
    "zone": "2",
    "municipal_status": "PAID",
    "hourly_price_eur": 0.6,
    "max_hours_per_day": "",
    "active_from": "2026-11-09",
    "currently_active": "NO",
    "weekday_hours": "07:00-21:00",
    "saturday_hours": "07:00-15:00",
    "sunday_holidays": "FREE",
    "grace_minutes": 15,
    "sms_number": "",
    "special_rule": "",
    "geometry_status": "MAPPED",
    "source_url": "https://web.gpp-osijek.com/parking/",
    "source_type": "OFFICIAL",
    "verified": "YES",
    "notes": "Grad Osijek najavio je naplatu u II. zoni oko 9. studenoga 2026.",
    "geometry_source": "OpenStreetMap (Overpass API) queried 2026-09-30",
    "geometry_method": "OSM parking area way 597883547 lying on the zone colour of GPP map \"Sve zone parkiranja\""
   },
   "geometry": {
    "type": "Polygon",
    "coordinates": [
     [
      [
       18.6975331,
       45.5570239
      ],
      [
       18.6974793,
       45.5563297
      ],
      [
       18.6973433,
       45.5563325
      ],
      [
       18.6973761,
       45.5570276
      ],
      [
       18.6975331,
       45.5570239
      ]
     ]
    ]
   }
  },
  {
   "type": "Feature",
   "properties": {
    "segment_id": "OS-Z2-M099",
    "name": "Parkiralište – Vijenac Ivana Meštrovića",
    "segment_from": "",
    "segment_to": "",
    "location_type": "parking_area",
    "zone": "2",
    "municipal_status": "PAID",
    "hourly_price_eur": 0.6,
    "max_hours_per_day": "",
    "active_from": "2026-11-09",
    "currently_active": "NO",
    "weekday_hours": "07:00-21:00",
    "saturday_hours": "07:00-15:00",
    "sunday_holidays": "FREE",
    "grace_minutes": 15,
    "sms_number": "",
    "special_rule": "",
    "geometry_status": "MAPPED",
    "source_url": "https://web.gpp-osijek.com/parking/",
    "source_type": "OFFICIAL",
    "verified": "YES",
    "notes": "Grad Osijek najavio je naplatu u II. zoni oko 9. studenoga 2026.",
    "geometry_source": "OpenStreetMap (Overpass API) queried 2026-09-30",
    "geometry_method": "OSM parking area way 597889713 lying on the zone colour of GPP map \"Sve zone parkiranja\""
   },
   "geometry": {
    "type": "Polygon",
    "coordinates": [
     [
      [
       18.7023777,
       45.5578866
      ],
      [
       18.7023709,
       45.557713
      ],
      [
       18.701898,
       45.5577221
      ],
      [
       18.7019048,
       45.5578957
      ],
      [
       18.7023777,
       45.5578866
      ]
     ]
    ]
   }
  },
  {
   "type": "Feature",
   "properties": {
    "segment_id": "OS-Z2-M100",
    "name": "Parkiralište – Vijenac Ivana Meštrovića",
    "segment_from": "",
    "segment_to": "",
    "location_type": "parking_area",
    "zone": "2",
    "municipal_status": "PAID",
    "hourly_price_eur": 0.6,
    "max_hours_per_day": "",
    "active_from": "2026-11-09",
    "currently_active": "NO",
    "weekday_hours": "07:00-21:00",
    "saturday_hours": "07:00-15:00",
    "sunday_holidays": "FREE",
    "grace_minutes": 15,
    "sms_number": "",
    "special_rule": "",
    "geometry_status": "MAPPED",
    "source_url": "https://web.gpp-osijek.com/parking/",
    "source_type": "OFFICIAL",
    "verified": "YES",
    "notes": "Grad Osijek najavio je naplatu u II. zoni oko 9. studenoga 2026.",
    "geometry_source": "OpenStreetMap (Overpass API) queried 2026-09-30",
    "geometry_method": "OSM parking area way 1340631645 lying on the zone colour of GPP map \"Sve zone parkiranja\""
   },
   "geometry": {
    "type": "Polygon",
    "coordinates": [
     [
      [
       18.6987005,
       45.5553117
      ],
      [
       18.6987153,
       45.5554428
      ],
      [
       18.6987868,
       45.5554394
      ],
      [
       18.6987664,
       45.5552571
      ],
      [
       18.6980005,
       45.555291
      ],
      [
       18.6980042,
       45.5553419
      ],
      [
       18.6987005,
       45.5553117
      ]
     ]
    ]
   }
  },
  {
   "type": "Feature",
   "properties": {
    "segment_id": "OS-Z2-M101",
    "name": "Parkiralište – Vijenac Ivana Meštrovića",
    "segment_from": "",
    "segment_to": "",
    "location_type": "parking_area",
    "zone": "2",
    "municipal_status": "PAID",
    "hourly_price_eur": 0.6,
    "max_hours_per_day": "",
    "active_from": "2026-11-09",
    "currently_active": "NO",
    "weekday_hours": "07:00-21:00",
    "saturday_hours": "07:00-15:00",
    "sunday_holidays": "FREE",
    "grace_minutes": 15,
    "sms_number": "",
    "special_rule": "",
    "geometry_status": "MAPPED",
    "source_url": "https://web.gpp-osijek.com/parking/",
    "source_type": "OFFICIAL",
    "verified": "YES",
    "notes": "Grad Osijek najavio je naplatu u II. zoni oko 9. studenoga 2026.",
    "geometry_source": "OpenStreetMap (Overpass API) queried 2026-09-30",
    "geometry_method": "OSM parking area way 1340631646 lying on the zone colour of GPP map \"Sve zone parkiranja\""
   },
   "geometry": {
    "type": "Polygon",
    "coordinates": [
     [
      [
       18.6988478,
       45.5553063
      ],
      [
       18.6989181,
       45.5553029
      ],
      [
       18.6989304,
       45.5554315
      ],
      [
       18.6988602,
       45.5554349
      ],
      [
       18.6988478,
       45.5553063
      ]
     ]
    ]
   }
  },
  {
   "type": "Feature",
   "properties": {
    "segment_id": "OS-Z2-M102",
    "name": "Parkiralište – Vijenac Ivana Meštrovića",
    "segment_from": "",
    "segment_to": "",
    "location_type": "parking_area",
    "zone": "2",
    "municipal_status": "PAID",
    "hourly_price_eur": 0.6,
    "max_hours_per_day": "",
    "active_from": "2026-11-09",
    "currently_active": "NO",
    "weekday_hours": "07:00-21:00",
    "saturday_hours": "07:00-15:00",
    "sunday_holidays": "FREE",
    "grace_minutes": 15,
    "sms_number": "",
    "special_rule": "",
    "geometry_status": "MAPPED",
    "source_url": "https://web.gpp-osijek.com/parking/",
    "source_type": "OFFICIAL",
    "verified": "YES",
    "notes": "Grad Osijek najavio je naplatu u II. zoni oko 9. studenoga 2026.",
    "geometry_source": "OpenStreetMap (Overpass API) queried 2026-09-30",
    "geometry_method": "OSM parking area way 1340631649 lying on the zone colour of GPP map \"Sve zone parkiranja\""
   },
   "geometry": {
    "type": "Polygon",
    "coordinates": [
     [
      [
       18.6987897,
       45.5548852
      ],
      [
       18.6988637,
       45.5548824
      ],
      [
       18.6988905,
       45.5551403
      ],
      [
       18.6988182,
       45.5551449
      ],
      [
       18.6987897,
       45.5548852
      ]
     ]
    ]
   }
  },
  {
   "type": "Feature",
   "properties": {
    "segment_id": "OS-Z2-M103",
    "name": "Parkiralište – Vijenac Ivana Meštrovića",
    "segment_from": "",
    "segment_to": "",
    "location_type": "parking_area",
    "zone": "2",
    "municipal_status": "PAID",
    "hourly_price_eur": 0.6,
    "max_hours_per_day": "",
    "active_from": "2026-11-09",
    "currently_active": "NO",
    "weekday_hours": "07:00-21:00",
    "saturday_hours": "07:00-15:00",
    "sunday_holidays": "FREE",
    "grace_minutes": 15,
    "sms_number": "",
    "special_rule": "",
    "geometry_status": "MAPPED",
    "source_url": "https://web.gpp-osijek.com/parking/",
    "source_type": "OFFICIAL",
    "verified": "YES",
    "notes": "Grad Osijek najavio je naplatu u II. zoni oko 9. studenoga 2026.",
    "geometry_source": "OpenStreetMap (Overpass API) queried 2026-09-30",
    "geometry_method": "OSM parking area way 1383593634 lying on the zone colour of GPP map \"Sve zone parkiranja\""
   },
   "geometry": {
    "type": "Polygon",
    "coordinates": [
     [
      [
       18.6990497,
       45.5569468
      ],
      [
       18.6990329,
       45.5566049
      ],
      [
       18.6992964,
       45.556602
      ],
      [
       18.6993156,
       45.5569427
      ],
      [
       18.6990497,
       45.5569468
      ]
     ]
    ]
   }
  },
  {
   "type": "Feature",
   "properties": {
    "segment_id": "OS-Z2-M104",
    "name": "Parkiralište – Vijenac Ivana Meštrovića",
    "segment_from": "",
    "segment_to": "",
    "location_type": "parking_area",
    "zone": "2",
    "municipal_status": "PAID",
    "hourly_price_eur": 0.6,
    "max_hours_per_day": "",
    "active_from": "2026-11-09",
    "currently_active": "NO",
    "weekday_hours": "07:00-21:00",
    "saturday_hours": "07:00-15:00",
    "sunday_holidays": "FREE",
    "grace_minutes": 15,
    "sms_number": "",
    "special_rule": "",
    "geometry_status": "MAPPED",
    "source_url": "https://web.gpp-osijek.com/parking/",
    "source_type": "OFFICIAL",
    "verified": "YES",
    "notes": "Grad Osijek najavio je naplatu u II. zoni oko 9. studenoga 2026.",
    "geometry_source": "OpenStreetMap (Overpass API) queried 2026-09-30",
    "geometry_method": "OSM parking area way 1383593635 lying on the zone colour of GPP map \"Sve zone parkiranja\""
   },
   "geometry": {
    "type": "Polygon",
    "coordinates": [
     [
      [
       18.6991359,
       45.5560372
      ],
      [
       18.699127,
       45.5558307
      ],
      [
       18.6991233,
       45.5557463
      ],
      [
       18.6991893,
       45.5557469
      ],
      [
       18.6992701,
       45.5557789
      ],
      [
       18.6993261,
       45.5557808
      ],
      [
       18.6993281,
       45.5558144
      ],
      [
       18.6994109,
       45.5558145
      ],
      [
       18.6995006,
       45.5558371
      ],
      [
       18.6995666,
       45.5558355
      ],
      [
       18.6995739,
       45.5560329
      ],
      [
       18.6993298,
       45.5560353
      ],
      [
       18.6991359,
       45.5560372
      ]
     ]
    ]
   }
  },
  {
   "type": "Feature",
   "properties": {
    "segment_id": "OS-Z2-M105",
    "name": "Parkiralište – Vijenac Ivana Meštrovića",
    "segment_from": "",
    "segment_to": "",
    "location_type": "parking_area",
    "zone": "2",
    "municipal_status": "PAID",
    "hourly_price_eur": 0.6,
    "max_hours_per_day": "",
    "active_from": "2026-11-09",
    "currently_active": "NO",
    "weekday_hours": "07:00-21:00",
    "saturday_hours": "07:00-15:00",
    "sunday_holidays": "FREE",
    "grace_minutes": 15,
    "sms_number": "",
    "special_rule": "",
    "geometry_status": "MAPPED",
    "source_url": "https://web.gpp-osijek.com/parking/",
    "source_type": "OFFICIAL",
    "verified": "YES",
    "notes": "Grad Osijek najavio je naplatu u II. zoni oko 9. studenoga 2026.",
    "geometry_source": "OpenStreetMap (Overpass API) queried 2026-09-30",
    "geometry_method": "OSM parking area way 1383960755 lying on the zone colour of GPP map \"Sve zone parkiranja\""
   },
   "geometry": {
    "type": "Polygon",
    "coordinates": [
     [
      [
       18.7012415,
       45.5558045
      ],
      [
       18.7014227,
       45.5557966
      ],
      [
       18.70144,
       45.5559734
      ],
      [
       18.7012568,
       45.5559806
      ],
      [
       18.7012415,
       45.5558045
      ]
     ]
    ]
   }
  },
  {
   "type": "Feature",
   "properties": {
    "segment_id": "OS-Z2-M106",
    "name": "Parkiralište – Vijenac Murse",
    "segment_from": "",
    "segment_to": "",
    "location_type": "parking_area",
    "zone": "2",
    "municipal_status": "PAID",
    "hourly_price_eur": 0.6,
    "max_hours_per_day": "",
    "active_from": "2026-11-09",
    "currently_active": "NO",
    "weekday_hours": "07:00-21:00",
    "saturday_hours": "07:00-15:00",
    "sunday_holidays": "FREE",
    "grace_minutes": 15,
    "sms_number": "",
    "special_rule": "",
    "geometry_status": "MAPPED",
    "source_url": "https://web.gpp-osijek.com/parking/",
    "source_type": "OFFICIAL",
    "verified": "YES",
    "notes": "Grad Osijek najavio je naplatu u II. zoni oko 9. studenoga 2026.",
    "geometry_source": "OpenStreetMap (Overpass API) queried 2026-09-30",
    "geometry_method": "OSM parking area way 31923750 lying on the zone colour of GPP map \"Sve zone parkiranja\""
   },
   "geometry": {
    "type": "Polygon",
    "coordinates": [
     [
      [
       18.7189797,
       45.5547669
      ],
      [
       18.7188435,
       45.5545068
      ],
      [
       18.7192516,
       45.5544174
      ],
      [
       18.719397,
       45.5546568
      ],
      [
       18.7189797,
       45.5547669
      ]
     ]
    ]
   }
  },
  {
   "type": "Feature",
   "properties": {
    "segment_id": "OS-Z2-M107",
    "name": "Parkiralište – Vijenac Murse",
    "segment_from": "",
    "segment_to": "",
    "location_type": "parking_area",
    "zone": "2",
    "municipal_status": "PAID",
    "hourly_price_eur": 0.6,
    "max_hours_per_day": "",
    "active_from": "2026-11-09",
    "currently_active": "NO",
    "weekday_hours": "07:00-21:00",
    "saturday_hours": "07:00-15:00",
    "sunday_holidays": "FREE",
    "grace_minutes": 15,
    "sms_number": "",
    "special_rule": "",
    "geometry_status": "MAPPED",
    "source_url": "https://web.gpp-osijek.com/parking/",
    "source_type": "OFFICIAL",
    "verified": "YES",
    "notes": "Grad Osijek najavio je naplatu u II. zoni oko 9. studenoga 2026.",
    "geometry_source": "OpenStreetMap (Overpass API) queried 2026-09-30",
    "geometry_method": "OSM parking area way 161279981 lying on the zone colour of GPP map \"Sve zone parkiranja\""
   },
   "geometry": {
    "type": "Polygon",
    "coordinates": [
     [
      [
       18.7180507,
       45.5546596
      ],
      [
       18.7185008,
       45.5545765
      ],
      [
       18.7184189,
       45.5543591
      ],
      [
       18.7186054,
       45.5543247
      ],
      [
       18.718539,
       45.5541484
      ],
      [
       18.7187431,
       45.5541106
      ],
      [
       18.7186889,
       45.5539668
      ],
      [
       18.7178482,
       45.5541222
      ],
      [
       18.7180507,
       45.5546596
      ]
     ]
    ]
   }
  },
  {
   "type": "Feature",
   "properties": {
    "segment_id": "OS-Z2-M108",
    "name": "Parkiralište – Vijenac Murse",
    "segment_from": "",
    "segment_to": "",
    "location_type": "parking_area",
    "zone": "2",
    "municipal_status": "PAID",
    "hourly_price_eur": 0.6,
    "max_hours_per_day": "",
    "active_from": "2026-11-09",
    "currently_active": "NO",
    "weekday_hours": "07:00-21:00",
    "saturday_hours": "07:00-15:00",
    "sunday_holidays": "FREE",
    "grace_minutes": 15,
    "sms_number": "",
    "special_rule": "",
    "geometry_status": "MAPPED",
    "source_url": "https://web.gpp-osijek.com/parking/",
    "source_type": "OFFICIAL",
    "verified": "YES",
    "notes": "Grad Osijek najavio je naplatu u II. zoni oko 9. studenoga 2026.",
    "geometry_source": "OpenStreetMap (Overpass API) queried 2026-09-30",
    "geometry_method": "OSM parking area way 161279989 lying on the zone colour of GPP map \"Sve zone parkiranja\""
   },
   "geometry": {
    "type": "Polygon",
    "coordinates": [
     [
      [
       18.7161864,
       45.5547142
      ],
      [
       18.7171976,
       45.5545333
      ],
      [
       18.7173053,
       45.5548126
      ],
      [
       18.7162816,
       45.5550236
      ],
      [
       18.7161864,
       45.5547142
      ]
     ]
    ]
   }
  },
  {
   "type": "Feature",
   "properties": {
    "segment_id": "OS-Z2-M109",
    "name": "Parkiralište – Vijenac Murse",
    "segment_from": "",
    "segment_to": "",
    "location_type": "parking_area",
    "zone": "2",
    "municipal_status": "PAID",
    "hourly_price_eur": 0.6,
    "max_hours_per_day": "",
    "active_from": "2026-11-09",
    "currently_active": "NO",
    "weekday_hours": "07:00-21:00",
    "saturday_hours": "07:00-15:00",
    "sunday_holidays": "FREE",
    "grace_minutes": 15,
    "sms_number": "",
    "special_rule": "",
    "geometry_status": "MAPPED",
    "source_url": "https://web.gpp-osijek.com/parking/",
    "source_type": "OFFICIAL",
    "verified": "YES",
    "notes": "Grad Osijek najavio je naplatu u II. zoni oko 9. studenoga 2026.",
    "geometry_source": "OpenStreetMap (Overpass API) queried 2026-09-30",
    "geometry_method": "OSM parking area way 161639277 lying on the zone colour of GPP map \"Sve zone parkiranja\""
   },
   "geometry": {
    "type": "Polygon",
    "coordinates": [
     [
      [
       18.7157544,
       45.5544288
      ],
      [
       18.7157516,
       45.5551386
      ],
      [
       18.7157628,
       45.5558094
      ],
      [
       18.7156828,
       45.5558232
      ],
      [
       18.7156452,
       45.5544313
      ],
      [
       18.7157544,
       45.5544288
      ]
     ]
    ]
   }
  },
  {
   "type": "Feature",
   "properties": {
    "segment_id": "OS-Z2-M110",
    "name": "Parkiralište – Vijenac Murse",
    "segment_from": "",
    "segment_to": "",
    "location_type": "parking_area",
    "zone": "2",
    "municipal_status": "PAID",
    "hourly_price_eur": 0.6,
    "max_hours_per_day": "",
    "active_from": "2026-11-09",
    "currently_active": "NO",
    "weekday_hours": "07:00-21:00",
    "saturday_hours": "07:00-15:00",
    "sunday_holidays": "FREE",
    "grace_minutes": 15,
    "sms_number": "",
    "special_rule": "",
    "geometry_status": "MAPPED",
    "source_url": "https://web.gpp-osijek.com/parking/",
    "source_type": "OFFICIAL",
    "verified": "YES",
    "notes": "Grad Osijek najavio je naplatu u II. zoni oko 9. studenoga 2026.",
    "geometry_source": "OpenStreetMap (Overpass API) queried 2026-09-30",
    "geometry_method": "OSM parking area way 597892409 lying on the zone colour of GPP map \"Sve zone parkiranja\""
   },
   "geometry": {
    "type": "Polygon",
    "coordinates": [
     [
      [
       18.7184376,
       45.554961
      ],
      [
       18.7182283,
       45.5550103
      ],
      [
       18.7181145,
       45.5547582
      ],
      [
       18.7182886,
       45.5547207
      ],
      [
       18.7184376,
       45.554961
      ]
     ]
    ]
   }
  },
  {
   "type": "Feature",
   "properties": {
    "segment_id": "OS-Z2-M111",
    "name": "Parkiralište – Vodenička ulica",
    "segment_from": "",
    "segment_to": "",
    "location_type": "parking_area",
    "zone": "2",
    "municipal_status": "PAID",
    "hourly_price_eur": 0.6,
    "max_hours_per_day": "",
    "active_from": "2026-11-09",
    "currently_active": "NO",
    "weekday_hours": "07:00-21:00",
    "saturday_hours": "07:00-15:00",
    "sunday_holidays": "FREE",
    "grace_minutes": 15,
    "sms_number": "",
    "special_rule": "",
    "geometry_status": "MAPPED",
    "source_url": "https://web.gpp-osijek.com/parking/",
    "source_type": "OFFICIAL",
    "verified": "YES",
    "notes": "Grad Osijek najavio je naplatu u II. zoni oko 9. studenoga 2026.",
    "geometry_source": "OpenStreetMap (Overpass API) queried 2026-09-30",
    "geometry_method": "OSM parking area way 555305221 lying on the zone colour of GPP map \"Sve zone parkiranja\""
   },
   "geometry": {
    "type": "Polygon",
    "coordinates": [
     [
      [
       18.7180768,
       45.5609651
      ],
      [
       18.7182703,
       45.5609507
      ],
      [
       18.7183613,
       45.5609358
      ],
      [
       18.7184985,
       45.5609015
      ],
      [
       18.7186305,
       45.5608518
      ],
      [
       18.7188412,
       45.5607303
      ],
      [
       18.7187984,
       45.5607027
      ],
      [
       18.718663,
       45.5607784
      ],
      [
       18.7184443,
       45.5608649
      ],
      [
       18.7182825,
       45.5609061
      ],
      [
       18.7180752,
       45.5609208
      ],
      [
       18.7180768,
       45.5609651
      ]
     ]
    ]
   }
  },
  {
   "type": "Feature",
   "properties": {
    "segment_id": "OS-Z2-M112",
    "name": "Parkiralište – Vukovarska cesta",
    "segment_from": "",
    "segment_to": "",
    "location_type": "parking_area",
    "zone": "2",
    "municipal_status": "PAID",
    "hourly_price_eur": 0.6,
    "max_hours_per_day": "",
    "active_from": "2026-11-09",
    "currently_active": "NO",
    "weekday_hours": "07:00-21:00",
    "saturday_hours": "07:00-15:00",
    "sunday_holidays": "FREE",
    "grace_minutes": 15,
    "sms_number": "",
    "special_rule": "",
    "geometry_status": "MAPPED",
    "source_url": "https://web.gpp-osijek.com/parking/",
    "source_type": "OFFICIAL",
    "verified": "YES",
    "notes": "Grad Osijek najavio je naplatu u II. zoni oko 9. studenoga 2026.",
    "geometry_source": "OpenStreetMap (Overpass API) queried 2026-09-30",
    "geometry_method": "OSM parking area way 667323577 lying on the zone colour of GPP map \"Sve zone parkiranja\""
   },
   "geometry": {
    "type": "Polygon",
    "coordinates": [
     [
      [
       18.6985393,
       45.5545193
      ],
      [
       18.6982869,
       45.5545252
      ],
      [
       18.6982739,
       45.5542511
      ],
      [
       18.6985263,
       45.5542453
      ],
      [
       18.6985393,
       45.5545193
      ]
     ]
    ]
   }
  },
  {
   "type": "Feature",
   "properties": {
    "segment_id": "OS-Z2-M113",
    "name": "Parkiralište – Vukovarska cesta",
    "segment_from": "",
    "segment_to": "",
    "location_type": "parking_area",
    "zone": "2",
    "municipal_status": "PAID",
    "hourly_price_eur": 0.6,
    "max_hours_per_day": "",
    "active_from": "2026-11-09",
    "currently_active": "NO",
    "weekday_hours": "07:00-21:00",
    "saturday_hours": "07:00-15:00",
    "sunday_holidays": "FREE",
    "grace_minutes": 15,
    "sms_number": "",
    "special_rule": "",
    "geometry_status": "MAPPED",
    "source_url": "https://web.gpp-osijek.com/parking/",
    "source_type": "OFFICIAL",
    "verified": "YES",
    "notes": "Grad Osijek najavio je naplatu u II. zoni oko 9. studenoga 2026.",
    "geometry_source": "OpenStreetMap (Overpass API) queried 2026-09-30",
    "geometry_method": "OSM parking area way 667323578 lying on the zone colour of GPP map \"Sve zone parkiranja\""
   },
   "geometry": {
    "type": "Polygon",
    "coordinates": [
     [
      [
       18.6982148,
       45.5543673
      ],
      [
       18.6982124,
       45.5543359
      ],
      [
       18.6977855,
       45.5543518
      ],
      [
       18.6977879,
       45.5543833
      ],
      [
       18.6982148,
       45.5543673
      ]
     ]
    ]
   }
  },
  {
   "type": "Feature",
   "properties": {
    "segment_id": "OS-Z2-M114",
    "name": "Parkiralište – Vukovarska cesta",
    "segment_from": "",
    "segment_to": "",
    "location_type": "parking_area",
    "zone": "2",
    "municipal_status": "PAID",
    "hourly_price_eur": 0.6,
    "max_hours_per_day": "",
    "active_from": "2026-11-09",
    "currently_active": "NO",
    "weekday_hours": "07:00-21:00",
    "saturday_hours": "07:00-15:00",
    "sunday_holidays": "FREE",
    "grace_minutes": 15,
    "sms_number": "",
    "special_rule": "",
    "geometry_status": "MAPPED",
    "source_url": "https://web.gpp-osijek.com/parking/",
    "source_type": "OFFICIAL",
    "verified": "YES",
    "notes": "Grad Osijek najavio je naplatu u II. zoni oko 9. studenoga 2026.",
    "geometry_source": "OpenStreetMap (Overpass API) queried 2026-09-30",
    "geometry_method": "OSM parking area way 667323580 lying on the zone colour of GPP map \"Sve zone parkiranja\""
   },
   "geometry": {
    "type": "Polygon",
    "coordinates": [
     [
      [
       18.6970804,
       45.5546923
      ],
      [
       18.6970752,
       45.5546196
      ],
      [
       18.6982397,
       45.5545788
      ],
      [
       18.6982448,
       45.5546514
      ],
      [
       18.6970804,
       45.5546923
      ]
     ]
    ]
   }
  },
  {
   "type": "Feature",
   "properties": {
    "segment_id": "OS-Z2-M115",
    "name": "Parkiralište – Vukovarska cesta",
    "segment_from": "",
    "segment_to": "",
    "location_type": "parking_area",
    "zone": "2",
    "municipal_status": "PAID",
    "hourly_price_eur": 0.6,
    "max_hours_per_day": "",
    "active_from": "2026-11-09",
    "currently_active": "NO",
    "weekday_hours": "07:00-21:00",
    "saturday_hours": "07:00-15:00",
    "sunday_holidays": "FREE",
    "grace_minutes": 15,
    "sms_number": "",
    "special_rule": "",
    "geometry_status": "MAPPED",
    "source_url": "https://web.gpp-osijek.com/parking/",
    "source_type": "OFFICIAL",
    "verified": "YES",
    "notes": "Grad Osijek najavio je naplatu u II. zoni oko 9. studenoga 2026.",
    "geometry_source": "OpenStreetMap (Overpass API) queried 2026-09-30",
    "geometry_method": "OSM parking area way 1273528764 lying on the zone colour of GPP map \"Sve zone parkiranja\""
   },
   "geometry": {
    "type": "Polygon",
    "coordinates": [
     [
      [
       18.6954116,
       45.5544456
      ],
      [
       18.6954038,
       45.5543394
      ],
      [
       18.6967007,
       45.5542923
      ],
      [
       18.6967085,
       45.5543983
      ],
      [
       18.6954116,
       45.5544456
      ]
     ]
    ]
   }
  },
  {
   "type": "Feature",
   "properties": {
    "segment_id": "OS-Z2-M116",
    "name": "Parkiralište – Vukovarska cesta",
    "segment_from": "",
    "segment_to": "",
    "location_type": "parking_area",
    "zone": "2",
    "municipal_status": "PAID",
    "hourly_price_eur": 0.6,
    "max_hours_per_day": "",
    "active_from": "2026-11-09",
    "currently_active": "NO",
    "weekday_hours": "07:00-21:00",
    "saturday_hours": "07:00-15:00",
    "sunday_holidays": "FREE",
    "grace_minutes": 15,
    "sms_number": "",
    "special_rule": "",
    "geometry_status": "MAPPED",
    "source_url": "https://web.gpp-osijek.com/parking/",
    "source_type": "OFFICIAL",
    "verified": "YES",
    "notes": "Grad Osijek najavio je naplatu u II. zoni oko 9. studenoga 2026.",
    "geometry_source": "OpenStreetMap (Overpass API) queried 2026-09-30",
    "geometry_method": "OSM parking area way 1273528767 lying on the zone colour of GPP map \"Sve zone parkiranja\""
   },
   "geometry": {
    "type": "Polygon",
    "coordinates": [
     [
      [
       18.6973311,
       45.5541887
      ],
      [
       18.6973258,
       45.5540835
      ],
      [
       18.6977872,
       45.5540722
      ],
      [
       18.6977924,
       45.5541773
      ],
      [
       18.6973311,
       45.5541887
      ]
     ]
    ]
   }
  },
  {
   "type": "Feature",
   "properties": {
    "segment_id": "OS-Z2-M117",
    "name": "Parkiralište – Vukovarska cesta",
    "segment_from": "",
    "segment_to": "",
    "location_type": "parking_area",
    "zone": "2",
    "municipal_status": "PAID",
    "hourly_price_eur": 0.6,
    "max_hours_per_day": "",
    "active_from": "2026-11-09",
    "currently_active": "NO",
    "weekday_hours": "07:00-21:00",
    "saturday_hours": "07:00-15:00",
    "sunday_holidays": "FREE",
    "grace_minutes": 15,
    "sms_number": "",
    "special_rule": "",
    "geometry_status": "MAPPED",
    "source_url": "https://web.gpp-osijek.com/parking/",
    "source_type": "OFFICIAL",
    "verified": "YES",
    "notes": "Grad Osijek najavio je naplatu u II. zoni oko 9. studenoga 2026.",
    "geometry_source": "OpenStreetMap (Overpass API) queried 2026-09-30",
    "geometry_method": "OSM parking area way 1273528771 lying on the zone colour of GPP map \"Sve zone parkiranja\""
   },
   "geometry": {
    "type": "Polygon",
    "coordinates": [
     [
      [
       18.6967772,
       45.5546133
      ],
      [
       18.6967599,
       45.5543825
      ],
      [
       18.6969601,
       45.5543752
      ],
      [
       18.6969755,
       45.5545815
      ],
      [
       18.6968373,
       45.5545865
      ],
      [
       18.6968391,
       45.554611
      ],
      [
       18.6967772,
       45.5546133
      ]
     ]
    ]
   }
  },
  {
   "type": "Feature",
   "properties": {
    "segment_id": "OS-Z2-M118",
    "name": "Parkiralište – Vukovarska cesta",
    "segment_from": "",
    "segment_to": "",
    "location_type": "parking_area",
    "zone": "2",
    "municipal_status": "PAID",
    "hourly_price_eur": 0.6,
    "max_hours_per_day": "",
    "active_from": "2026-11-09",
    "currently_active": "NO",
    "weekday_hours": "07:00-21:00",
    "saturday_hours": "07:00-15:00",
    "sunday_holidays": "FREE",
    "grace_minutes": 15,
    "sms_number": "",
    "special_rule": "",
    "geometry_status": "MAPPED",
    "source_url": "https://web.gpp-osijek.com/parking/",
    "source_type": "OFFICIAL",
    "verified": "YES",
    "notes": "Grad Osijek najavio je naplatu u II. zoni oko 9. studenoga 2026.",
    "geometry_source": "OpenStreetMap (Overpass API) queried 2026-09-30",
    "geometry_method": "OSM parking area way 1340631647 lying on the zone colour of GPP map \"Sve zone parkiranja\""
   },
   "geometry": {
    "type": "Polygon",
    "coordinates": [
     [
      [
       18.6979932,
       45.5552317
      ],
      [
       18.6979904,
       45.5551838
      ],
      [
       18.6986819,
       45.5551672
      ],
      [
       18.6986852,
       45.555211
      ],
      [
       18.6979932,
       45.5552317
      ]
     ]
    ]
   }
  },
  {
   "type": "Feature",
   "properties": {
    "segment_id": "OS-Z2-M119",
    "name": "Parkiralište – Vukovarska cesta",
    "segment_from": "",
    "segment_to": "",
    "location_type": "parking_area",
    "zone": "2",
    "municipal_status": "PAID",
    "hourly_price_eur": 0.6,
    "max_hours_per_day": "",
    "active_from": "2026-11-09",
    "currently_active": "NO",
    "weekday_hours": "07:00-21:00",
    "saturday_hours": "07:00-15:00",
    "sunday_holidays": "FREE",
    "grace_minutes": 15,
    "sms_number": "",
    "special_rule": "",
    "geometry_status": "MAPPED",
    "source_url": "https://web.gpp-osijek.com/parking/",
    "source_type": "OFFICIAL",
    "verified": "YES",
    "notes": "Grad Osijek najavio je naplatu u II. zoni oko 9. studenoga 2026.",
    "geometry_source": "OpenStreetMap (Overpass API) queried 2026-09-30",
    "geometry_method": "OSM parking area way 1340631648 lying on the zone colour of GPP map \"Sve zone parkiranja\""
   },
   "geometry": {
    "type": "Polygon",
    "coordinates": [
     [
      [
       18.6984271,
       45.5548972
      ],
      [
       18.6984228,
       45.5548484
      ],
      [
       18.6987765,
       45.5548329
      ],
      [
       18.6987783,
       45.5548834
      ],
      [
       18.6984271,
       45.5548972
      ]
     ]
    ]
   }
  },
  {
   "type": "Feature",
   "properties": {
    "segment_id": "OS-Z2-M120",
    "name": "Parkiralište – Vukovarska cesta",
    "segment_from": "",
    "segment_to": "",
    "location_type": "parking_area",
    "zone": "2",
    "municipal_status": "PAID",
    "hourly_price_eur": 0.6,
    "max_hours_per_day": "",
    "active_from": "2026-11-09",
    "currently_active": "NO",
    "weekday_hours": "07:00-21:00",
    "saturday_hours": "07:00-15:00",
    "sunday_holidays": "FREE",
    "grace_minutes": 15,
    "sms_number": "",
    "special_rule": "",
    "geometry_status": "MAPPED",
    "source_url": "https://web.gpp-osijek.com/parking/",
    "source_type": "OFFICIAL",
    "verified": "YES",
    "notes": "Grad Osijek najavio je naplatu u II. zoni oko 9. studenoga 2026.",
    "geometry_source": "OpenStreetMap (Overpass API) queried 2026-09-30",
    "geometry_method": "OSM parking area way 1384004925 lying on the zone colour of GPP map \"Sve zone parkiranja\""
   },
   "geometry": {
    "type": "Polygon",
    "coordinates": [
     [
      [
       18.6998476,
       45.5543017
      ],
      [
       18.6998465,
       45.5542502
      ],
      [
       18.70052,
       45.5542361
      ],
      [
       18.7005219,
       45.5542871
      ],
      [
       18.6998476,
       45.5543017
      ]
     ]
    ]
   }
  },
  {
   "type": "Feature",
   "properties": {
    "segment_id": "OS-Z2-M121",
    "name": "Parkiralište – Vukovarska cesta",
    "segment_from": "",
    "segment_to": "",
    "location_type": "parking_area",
    "zone": "2",
    "municipal_status": "PAID",
    "hourly_price_eur": 0.6,
    "max_hours_per_day": "",
    "active_from": "2026-11-09",
    "currently_active": "NO",
    "weekday_hours": "07:00-21:00",
    "saturday_hours": "07:00-15:00",
    "sunday_holidays": "FREE",
    "grace_minutes": 15,
    "sms_number": "",
    "special_rule": "",
    "geometry_status": "MAPPED",
    "source_url": "https://web.gpp-osijek.com/parking/",
    "source_type": "OFFICIAL",
    "verified": "YES",
    "notes": "Grad Osijek najavio je naplatu u II. zoni oko 9. studenoga 2026.",
    "geometry_source": "OpenStreetMap (Overpass API) queried 2026-09-30",
    "geometry_method": "OSM parking area way 1384004926 lying on the zone colour of GPP map \"Sve zone parkiranja\""
   },
   "geometry": {
    "type": "Polygon",
    "coordinates": [
     [
      [
       18.700527,
       45.5544919
      ],
      [
       18.7007445,
       45.554484
      ],
      [
       18.7007364,
       45.5542876
      ],
      [
       18.7005199,
       45.5542926
      ],
      [
       18.700527,
       45.5544919
      ]
     ]
    ]
   }
  },
  {
   "type": "Feature",
   "properties": {
    "segment_id": "OS-Z2-M122",
    "name": "Parkiralište – Vukovarska cesta",
    "segment_from": "",
    "segment_to": "",
    "location_type": "parking_area",
    "zone": "2",
    "municipal_status": "PAID",
    "hourly_price_eur": 0.6,
    "max_hours_per_day": "",
    "active_from": "2026-11-09",
    "currently_active": "NO",
    "weekday_hours": "07:00-21:00",
    "saturday_hours": "07:00-15:00",
    "sunday_holidays": "FREE",
    "grace_minutes": 15,
    "sms_number": "",
    "special_rule": "",
    "geometry_status": "MAPPED",
    "source_url": "https://web.gpp-osijek.com/parking/",
    "source_type": "OFFICIAL",
    "verified": "YES",
    "notes": "Grad Osijek najavio je naplatu u II. zoni oko 9. studenoga 2026.",
    "geometry_source": "OpenStreetMap (Overpass API) queried 2026-09-30",
    "geometry_method": "OSM parking area way 1384004927 lying on the zone colour of GPP map \"Sve zone parkiranja\""
   },
   "geometry": {
    "type": "Polygon",
    "coordinates": [
     [
      [
       18.7007344,
       45.5542691
      ],
      [
       18.7007323,
       45.5542243
      ],
      [
       18.7010738,
       45.5542172
      ],
      [
       18.7010728,
       45.5542627
      ],
      [
       18.7007344,
       45.5542691
      ]
     ]
    ]
   }
  },
  {
   "type": "Feature",
   "properties": {
    "segment_id": "OS-Z2-M123",
    "name": "Parkiralište – Vukovarska cesta",
    "segment_from": "",
    "segment_to": "",
    "location_type": "parking_area",
    "zone": "2",
    "municipal_status": "PAID",
    "hourly_price_eur": 0.6,
    "max_hours_per_day": "",
    "active_from": "2026-11-09",
    "currently_active": "NO",
    "weekday_hours": "07:00-21:00",
    "saturday_hours": "07:00-15:00",
    "sunday_holidays": "FREE",
    "grace_minutes": 15,
    "sms_number": "",
    "special_rule": "",
    "geometry_status": "MAPPED",
    "source_url": "https://web.gpp-osijek.com/parking/",
    "source_type": "OFFICIAL",
    "verified": "YES",
    "notes": "Grad Osijek najavio je naplatu u II. zoni oko 9. studenoga 2026.",
    "geometry_source": "OpenStreetMap (Overpass API) queried 2026-09-30",
    "geometry_method": "OSM parking area way 1384004928 lying on the zone colour of GPP map \"Sve zone parkiranja\""
   },
   "geometry": {
    "type": "Polygon",
    "coordinates": [
     [
      [
       18.7001095,
       45.5541911
      ],
      [
       18.7001044,
       45.5541541
      ],
      [
       18.7007152,
       45.554132
      ],
      [
       18.7007173,
       45.5541712
      ],
      [
       18.7001095,
       45.5541911
      ]
     ]
    ]
   }
  },
  {
   "type": "Feature",
   "properties": {
    "segment_id": "OS-Z2-M124",
    "name": "Parkiralište – Vukovarska cesta",
    "segment_from": "",
    "segment_to": "",
    "location_type": "parking_area",
    "zone": "2",
    "municipal_status": "PAID",
    "hourly_price_eur": 0.6,
    "max_hours_per_day": "",
    "active_from": "2026-11-09",
    "currently_active": "NO",
    "weekday_hours": "07:00-21:00",
    "saturday_hours": "07:00-15:00",
    "sunday_holidays": "FREE",
    "grace_minutes": 15,
    "sms_number": "",
    "special_rule": "",
    "geometry_status": "MAPPED",
    "source_url": "https://web.gpp-osijek.com/parking/",
    "source_type": "OFFICIAL",
    "verified": "YES",
    "notes": "Grad Osijek najavio je naplatu u II. zoni oko 9. studenoga 2026.",
    "geometry_source": "OpenStreetMap (Overpass API) queried 2026-09-30",
    "geometry_method": "OSM parking area way 1384004929 lying on the zone colour of GPP map \"Sve zone parkiranja\""
   },
   "geometry": {
    "type": "Polygon",
    "coordinates": [
     [
      [
       18.7013982,
       45.5543596
      ],
      [
       18.701394,
       45.554208
      ],
      [
       18.7011587,
       45.5542152
      ],
      [
       18.7011627,
       45.5543662
      ],
      [
       18.7013982,
       45.5543596
      ]
     ]
    ]
   }
  },
  {
   "type": "Feature",
   "properties": {
    "segment_id": "OS-Z2-M125",
    "name": "Parkiralište – Vukovarska cesta",
    "segment_from": "",
    "segment_to": "",
    "location_type": "parking_area",
    "zone": "2",
    "municipal_status": "PAID",
    "hourly_price_eur": 0.6,
    "max_hours_per_day": "",
    "active_from": "2026-11-09",
    "currently_active": "NO",
    "weekday_hours": "07:00-21:00",
    "saturday_hours": "07:00-15:00",
    "sunday_holidays": "FREE",
    "grace_minutes": 15,
    "sms_number": "",
    "special_rule": "",
    "geometry_status": "MAPPED",
    "source_url": "https://web.gpp-osijek.com/parking/",
    "source_type": "OFFICIAL",
    "verified": "YES",
    "notes": "Grad Osijek najavio je naplatu u II. zoni oko 9. studenoga 2026.",
    "geometry_source": "OpenStreetMap (Overpass API) queried 2026-09-30",
    "geometry_method": "OSM parking area way 1384004930 lying on the zone colour of GPP map \"Sve zone parkiranja\""
   },
   "geometry": {
    "type": "Polygon",
    "coordinates": [
     [
      [
       18.7013744,
       45.5541307
      ],
      [
       18.7013664,
       45.5539913
      ],
      [
       18.7010387,
       45.553997
      ],
      [
       18.7010422,
       45.5540405
      ],
      [
       18.7011334,
       45.5540411
      ],
      [
       18.7011355,
       45.5541351
      ],
      [
       18.7013744,
       45.5541307
      ]
     ]
    ]
   }
  }
 ]
}